Date/Time,Environment:Site Outdoor Air Drybulb Temperature [C](Hourly),PLENUM-1:Zone Mean Air Dewpoint Temperature [C](Hourly),SPACE1-1:Zone Mean Air Dewpoint Temperature [C](Hourly),SPACE2-1:Zone Mean Air Dewpoint Temperature [C](Hourly),SPACE3-1:Zone Mean Air Dewpoint Temperature [C](Hourly),SPACE4-1:Zone Mean Air Dewpoint Temperature [C](Hourly),SPACE5-1:Zone Mean Air Dewpoint Temperature [C](Hourly),PLENUM-1:Zone Air Temperature [C](Hourly),PLENUM-1:Zone Air System Sensible Heating Rate [W](Hourly),PLENUM-1:Zone Air System Sensible Cooling Rate [W](Hourly),SPACE1-1:Zone Air Temperature [C](Hourly),SPACE1-1:Zone Air System Sensible Heating Rate [W](Hourly),SPACE1-1:Zone Air System Sensible Cooling Rate [W](Hourly),SPACE2-1:Zone Air Temperature [C](Hourly),SPACE2-1:Zone Air System Sensible Heating Rate [W](Hourly),SPACE2-1:Zone Air System Sensible Cooling Rate [W](Hourly),SPACE3-1:Zone Air Temperature [C](Hourly),SPACE3-1:Zone Air System Sensible Heating Rate [W](Hourly),SPACE3-1:Zone Air System Sensible Cooling Rate [W](Hourly),SPACE4-1:Zone Air Temperature [C](Hourly),SPACE4-1:Zone Air System Sensible Heating Rate [W](Hourly),SPACE4-1:Zone Air System Sensible Cooling Rate [W](Hourly),SPACE5-1:Zone Air Temperature [C](Hourly),SPACE5-1:Zone Air System Sensible Heating Rate [W](Hourly),SPACE5-1:Zone Air System Sensible Cooling Rate [W](Hourly),HOT WATER LOOP:Plant Supply Side Cooling Demand Rate [W](Hourly),HOT WATER LOOP:Plant Supply Side Heating Demand Rate [W](Hourly),CHILLED WATER LOOP:Plant Supply Side Cooling Demand Rate [W](Hourly),CHILLED WATER LOOP:Plant Supply Side Heating Demand Rate [W](Hourly),SPACE1-1 PEOPLE 1:Zone Thermal Comfort Fanger Model PMV [](Hourly),SPACE2-1 PEOPLE 1:Zone Thermal Comfort Fanger Model PMV [](Hourly),SPACE3-1 PEOPLE 1:Zone Thermal Comfort Fanger Model PMV [](Hourly),SPACE4-1 PEOPLE 1:Zone Thermal Comfort Fanger Model PMV [](Hourly),SPACE5-1 PEOPLE 1:Zone Thermal Comfort Fanger Model PMV [](Hourly),SPACE1-1 ZONE COIL:Heating Coil Heating Rate [W](Hourly),SPACE2-1 ZONE COIL:Heating Coil Heating Rate [W](Hourly),SPACE3-1 ZONE COIL:Heating Coil Heating Rate [W](Hourly),SPACE4-1 ZONE COIL:Heating Coil Heating Rate [W](Hourly),SPACE5-1 ZONE COIL:Heating Coil Heating Rate [W](Hourly),OA HEATING COIL 1:Heating Coil Heating Rate [W](Hourly),MAIN HEATING COIL 1:Heating Coil Heating Rate [W](Hourly),OA COOLING COIL 1:Cooling Coil Total Cooling Rate [W](Hourly),OA COOLING COIL 1:Cooling Coil Sensible Cooling Rate [W](Hourly),MAIN COOLING COIL 1:Cooling Coil Total Cooling Rate [W](Hourly),MAIN COOLING COIL 1:Cooling Coil Sensible Cooling Rate [W](Hourly),CENTRAL BOILER:Boiler Heating Rate [W](Hourly),CENTRAL BOILER:Boiler NaturalGas Rate [W](Hourly),CENTRAL CHILLER:Chiller Electricity Rate [W](Hourly),CENTRAL CHILLER:Chiller Evaporator Cooling Rate [W](Hourly),CENTRAL CHILLER:Chiller Evaporator Inlet Temperature [C](Hourly),CENTRAL CHILLER:Chiller Evaporator Outlet Temperature [C](Hourly),CENTRAL CHILLER:Chiller Evaporator Mass Flow Rate [kg/s](Hourly),CENTRAL CHILLER:Chiller Condenser Heat Transfer Rate [W](Hourly),HW CIRC PUMP:Pump Outlet Temperature [C](Hourly),HW CIRC PUMP:Pump Mass Flow Rate [kg/s](Hourly),CW CIRC PUMP:Pump Outlet Temperature [C](Hourly),CW CIRC PUMP:Pump Mass Flow Rate [kg/s](Hourly),MIXED AIR NODE 1:System Node Temperature [C](Hourly),MIXED AIR NODE 1:System Node Humidity Ratio [kgWater/kgDryAir](Hourly),MIXED AIR NODE 1:System Node Dewpoint Temperature [C](Hourly),VAV SYS 1 OUTLET NODE:System Node Temperature [C](Hourly),VAV SYS 1 OUTLET NODE:System Node Mass Flow Rate [kg/s](Hourly),VAV SYS 1 OUTLET NODE:System Node Humidity Ratio [kgWater/kgDryAir](Hourly),VAV SYS 1 OUTLET NODE:System Node Setpoint Temperature [C](Hourly),OA HEATING COIL 1 WATER INLET NODE:System Node Temperature [C](Hourly),OA HEATING COIL 1 WATER INLET NODE:System Node Mass Flow Rate [kg/s](Hourly),MAIN HEATING COIL 1 WATER INLET NODE:System Node Mass Flow Rate [kg/s](Hourly),MAIN COOLING COIL 1 WATER INLET NODE:System Node Mass Flow Rate [kg/s](Hourly),OA COOLING COIL 1 WATER INLET NODE:System Node Temperature [C](Hourly),OA COOLING COIL 1 WATER INLET NODE:System Node Mass Flow Rate [kg/s](Hourly),OA MIXING BOX 1 INLET NODE:System Node Temperature [C](Hourly),OA MIXING BOX 1 INLET NODE:System Node Mass Flow Rate [kg/s](Hourly),OA MIXING BOX 1 INLET NODE:System Node Humidity Ratio [kgWater/kgDryAir](Hourly),OA MIXING BOX 1 INLET NODE:System Node Setpoint Temperature [C](Hourly),OA HEATING COIL 1 AIR OUTLET NODE:System Node Temperature [C](Hourly),OA HEATING COIL 1 AIR OUTLET NODE:System Node Mass Flow Rate [kg/s](Hourly),OA HEATING COIL 1 AIR OUTLET NODE:System Node Humidity Ratio [kgWater/kgDryAir](Hourly),OA HEATING COIL 1 AIR OUTLET NODE:System Node Setpoint Temperature [C](Hourly),SPACE1-1:Zone Mechanical Ventilation Mass Flow Rate [kg/s](Hourly),SPACE2-1:Zone Mechanical Ventilation Mass Flow Rate [kg/s](Hourly),SPACE3-1:Zone Mechanical Ventilation Mass Flow Rate [kg/s](Hourly),SPACE4-1:Zone Mechanical Ventilation Mass Flow Rate [kg/s](Hourly),SPACE5-1:Zone Mechanical Ventilation Mass Flow Rate [kg/s](Hourly) 
 01/15  01:00:00,-10.875,-6.653866642688205,-6.7253655648731305,-6.727047208129319,-6.725358431552673,-6.726950895284423,-6.72103772264994,17.38677526361836,1235.3472278261877,0.0,19.999090380280656,1761.9879923457215,0.0,20.499897456802984,814.8665409959838,0.0,20.999712284870817,2165.8341119436636,0.0,20.74971034994625,867.8990950748037,0.0,20.24977779127312,517.8420885181483,0.0,0.0,7190.410560396768,0.0,0.0,-0.8612689929282025,-0.7561924117194186,-0.7036754076038572,-0.7168451317465598,-0.667206775146182,1923.8695767296142,984.8851245967614,2394.2052165476,1073.947846852688,698.3136741099589,0.0,0.0,0.0,0.0,0.0,0.0,7190.410560396768,8988.01320049596,0.0,0.0,7.22,7.22,0.0,0.0,57.704991468227526,0.0710749560434719,7.22,0.0,16.95059236899206,0.0021652220094118308,-6.712287389033034,17.957518437954857,0.3705044250126874,0.0021652220094118308,16.0,82.0,0.0,0.0,0.0,7.22,0.0,-10.875,0.00621144618492455,0.0013447060680377239,11.5,-10.875,0.00621144618492455,0.0013447060680377239,4.5,0.0013178188447261145,0.0011113348901602958,0.0012475859008705638,0.0012263393380220577,0.0013083672111455183 
 01/15  02:00:00,-14.4,-6.8368296570528155,-6.975120108982223,-6.94618470709056,-6.978055069077232,-6.941374448727646,-7.005638272389285,17.18037946445967,1312.42252218887,0.0,20.00009090859755,1992.8507081233588,0.0,20.50007331838695,907.4278099449305,0.0,21.00058926318475,2386.163445729265,0.0,20.749436206565566,960.4089091923798,0.0,20.249745981572335,598.8065018917632,0.0,0.0,7876.846490464378,0.0,0.0,-0.8839673284973011,-0.7755122384599205,-0.7257208153046775,-0.7362467988927044,-0.6719887405505782,2173.594281146696,1093.2724154590078,2632.3903812715453,1183.8852507130996,797.8988019069953,0.0,0.0,0.0,0.0,0.0,0.0,7876.846490464378,9846.058113080471,0.0,0.0,7.22,7.22,0.0,0.0,60.27123191129353,0.08664811758139884,7.22,0.0,16.714063087689492,0.002131061461127761,-6.878031365579164,17.72105254176848,0.3705044250126874,0.002131061461127761,16.0,82.0,0.0,0.0,0.0,7.22,0.0,-14.4,0.00621144618492455,0.0009729852389768747,11.5,-14.4,0.00621144618492455,0.0009729852389768747,4.5,0.0013178188447261145,0.0011113348901602958,0.0012475859008705638,0.0012263393380220577,0.0013083672111455183 
 01/15  03:00:00,-14.4,-7.100061223473025,-7.241857333534804,-7.198474099349379,-7.246960235901517,-7.193070997161449,-7.305366041030452,16.870289092577735,1428.2947290306288,0.0,20.000421072210152,2104.4020167999347,0.0,20.500625633301638,960.411976733443,0.0,21.000076628018444,2496.0127100395503,0.0,20.75089022865606,1014.3988158340088,0.0,20.250683128223436,700.922405697061,0.0,0.0,8414.498852272418,0.0,0.0,-0.8944574139920766,-0.7860367194934549,-0.7362747323352301,-0.7466999443868274,-0.6770199824836542,2307.850381535892,1165.4071131253638,2763.6676101255584,1259.0719923990487,922.6096375619425,0.0,0.0,0.0,0.0,0.0,0.0,8414.498852272418,10518.12356534052,0.0,0.0,7.22,7.22,0.0,0.0,61.37288580125638,0.09751130993402746,7.22,0.0,16.42781390648286,0.0020836344431518364,-7.136515954555412,17.434891374335155,0.3705044250126874,0.0020836344431518364,16.0,82.0,0.0,0.0,0.0,7.22,0.0,-14.4,0.00621144618492455,0.0009893179501187614,11.5,-14.4,0.00621144618492455,0.0009893179501187614,4.5,0.0013178188447261145,0.0011113348901602958,0.0012475859008705638,0.0012263393380220577,0.0013083672111455183 
 01/15  04:00:00,-14.0875,-7.365479329582997,-7.457265798903604,-7.416642730151681,-7.462739465239851,-7.412613822201607,-7.535256113403377,16.557361940264023,1545.2150528315626,0.0,19.998691854980173,2019.5126719800296,0.0,20.50057651600101,931.1563899905943,0.0,20.999302026736473,2410.412689163385,0.0,20.751351047013767,984.6221261459996,0.0,20.249820883094287,542.9527628662104,0.0,0.0,8027.051502568761,0.0,0.0,-0.8982565187650012,-0.7912048656628521,-0.7402608430501062,-0.7517723571047558,-0.6815324730597282,2247.420755989209,1156.8915333192394,2701.28701015787,1252.2179682299313,788.9977649865061,0.0,0.0,0.0,0.0,0.0,0.0,8027.051502568761,10033.814378210951,0.0,0.0,7.22,7.22,0.0,0.0,61.04311855076561,0.09161144761138368,7.22,0.0,16.11713503444471,0.002035966856495948,-7.401804816580257,17.12430097802003,0.3705044250126874,0.002035966856495948,16.0,82.0,0.0,0.0,0.0,7.22,0.0,-14.0875,0.00621144618492455,0.001018211771287306,11.5,-14.0875,0.00621144618492455,0.001018211771287306,4.5,0.0013178188447261145,0.0011113348901602958,0.0012475859008705638,0.0012263393380220577,0.0013083672111455183 
 01/15  05:00:00,-13.212500000000002,-7.507541169302207,-7.563999301518442,-7.560671487494835,-7.566370883907372,-7.5618490625326125,-7.613598091262381,16.30487579641011,1639.2191123023413,0.0,19.99997179172596,2046.123477832506,0.0,20.500233982027076,946.4729868230509,0.0,20.99996392432824,2440.7280143685894,0.0,20.750192425316538,999.581924188373,0.0,20.249777193151008,626.331760781243,0.0,0.0,8416.033599197974,0.0,0.0,-0.8989302457755908,-0.7930995419866177,-0.7411769626585829,-0.7537836099787114,-0.6842657423196152,2293.9755219163494,1188.9439570504726,2750.4204538541885,1285.5865804651025,892.098996554949,0.0,0.0,0.0,0.0,0.0,0.0,8416.033599197974,10520.041998997465,0.0,0.0,7.22,7.22,0.0,0.0,61.01488449567509,0.09590575538448953,7.22,0.0,15.866110206045981,0.0020065920892050203,-7.567937312201425,16.8733306792939,0.3705044250126874,0.0020065920892050203,16.0,82.0,0.0,0.0,0.0,7.22,0.0,-13.212500000000002,0.00621144618492455,0.001111051525636922,11.5,-13.212500000000002,0.00621144618492455,0.001111051525636922,4.5,0.0013178188447261145,0.0011113348901602958,0.0012475859008705638,0.0012263393380220577,0.0013083672111455183 
 01/15  06:00:00,-12.425,-7.679627986127088,-7.783039614397897,-7.763882675413414,-7.785865959978645,-7.760849930520934,-7.832811631074037,16.1285918043526,1705.0978479957598,0.0,19.999954502808944,2099.9535277537257,0.0,20.49980464593309,969.6309962441687,0.0,21.00034811512296,2493.8940712245258,0.0,20.74879130959891,1022.2290935334345,0.0,20.25005524717222,757.3927462082104,0.0,0.0,8703.302006660437,0.0,0.0,-0.9000929848335316,-0.7942002067877761,-0.7422168666441761,-0.7550034855212173,-0.687214553932577,2362.0300897926095,1224.054115830595,2817.0879150852224,1321.3485958739275,1037.280679362941,0.0,0.0,0.0,0.0,0.0,0.0,8703.302006660437,10879.127508325546,0.0,0.0,7.22,7.22,0.0,0.0,61.65697700055489,0.10220456492758556,7.22,0.0,15.686922534745955,0.001982091207826172,-7.715651996153094,16.69418849529811,0.3705044250126874,0.001982091207826172,16.0,82.0,0.0,0.0,0.0,7.22,0.0,-12.425,0.00621144618492455,0.0011001629899321317,11.5,-12.425,0.00621144618492455,0.0011001629899321317,4.5,0.0013178188447261145,0.0011113348901602958,0.0012475859008705638,0.0012263393380220577,0.0013083672111455183 
 01/15  07:00:00,-10.825,-7.898766428056403,-8.009303330998906,-7.974654453771353,-8.01356681334024,-7.97013044201223,-8.074155103598239,16.02383114765723,1744.2195794174725,0.0,19.99986803907162,2085.300667592977,0.0,20.499301772133244,966.9760909777729,0.0,20.999549399746797,2484.474232721397,0.0,20.751503037993597,1022.0690246989523,0.0,20.25003526966917,837.3104443573824,0.0,0.0,8788.514722406006,0.0,0.0,-0.8968904497473923,-0.7919517836648238,-0.7393403500111153,-0.7523984802781472,-0.6896741087249426,2354.723371433295,1227.5528721536905,2814.5695132793753,1328.2141735777786,1124.4917551885574,0.0,0.0,0.0,0.0,0.0,0.0,8788.514722406006,10985.643403007507,0.0,0.0,7.22,7.22,0.0,0.0,61.57243926233991,0.10277930273679507,7.22,0.0,15.594091523321346,0.0019480057686850332,-7.917971171524565,16.601420771845756,0.3705044250126874,0.0019480057686850332,16.0,82.0,0.0,0.0,0.0,7.22,0.0,-10.825,0.00621144618492455,0.00120562004559206,11.5,-10.825,0.00621144618492455,0.00120562004559206,4.5,0.0013178188447261145,0.0011113348901602958,0.0012475859008705638,0.0012263393380220577,0.0013083672111455183 
 01/15  08:00:00,-8.9375,-8.110703160753573,-8.202012750807791,-8.15976558720862,-8.207189142197072,-8.154845970610022,-8.279421303639072,15.994106951655525,1755.172636338295,0.0,19.999831811023387,1996.548273494499,0.0,20.49938752576058,786.9105091573149,0.0,21.000315034447794,2387.5377287993997,0.0,20.75202693695579,980.3050096452209,0.0,20.249965390033353,896.198026207483,0.0,0.0,8376.702932763485,0.0,0.0,-0.886643685776959,-0.7532906729105027,-0.7279092253335027,-0.742424768109038,-0.6908686330296475,2267.4949500642724,1048.7729688735533,2719.1341590543293,1287.9002309495281,1184.8901500602333,0.0,0.0,0.0,0.0,0.0,0.0,8376.702932763485,10470.878665954355,0.0,0.0,7.22,7.22,0.0,0.0,60.65088183459318,0.0939094088644073,7.22,0.0,15.57466455771582,0.0019156052829252454,-8.109173795670317,16.582053973069012,0.3705044250126874,0.0019156052829252454,16.0,82.0,0.0,0.0,0.0,7.22,0.0,-8.9375,0.00621144618492455,0.0014363859802563907,11.5,-8.9375,0.00621144618492455,0.0014363859802563907,4.5,0.0013178188447261145,0.0011113348901602958,0.0012475859008705638,0.0012263393380220577,0.0013083672111455183 
 01/15  09:00:00,-6.924999999999999,-8.267487605476619,-8.310148240760793,-8.276712662018163,-8.314654120772751,-8.273548069580091,-8.382763276793598,16.0764465819583,1724.2849678557743,0.0,19.999240519589378,1746.070310359655,0.0,20.499187201917117,320.39411182601316,0.0,21.00045242954524,2162.0168324816855,0.0,20.74917017766804,882.5547665168931,0.0,20.249987529892998,911.8923882601234,0.0,0.0,7313.811839672757,0.0,0.0,-0.8604598116592923,-0.6473812341785042,-0.7036308881616494,-0.7210626939645018,-0.688691782258936,2010.3011261286047,576.6239439451449,2487.3045456800573,1183.73839953301,1193.9712496561037,0.0,0.0,0.0,0.0,0.0,0.0,7313.811839672757,9142.264799590946,0.0,0.0,7.22,7.22,0.0,0.0,58.48886111770089,0.07449449828398039,7.22,0.0,15.65848348555955,0.0018914495289475313,-8.253599919016654,16.665917762032755,0.3705044250126874,0.0018914495289475313,16.0,82.0,0.0,0.0,0.0,7.22,0.0,-6.924999999999999,0.00621144618492455,0.001721951555160849,11.5,-6.924999999999999,0.00621144618492455,0.001721951555160849,4.5,0.0013178188447261145,0.0011113348901602958,0.0012475859008705638,0.0012263393380220577,0.0013083672111455183 
 01/15  10:00:00,-5.0375,-8.327718723161237,-8.333120767589788,-8.32077424012509,-8.335530206020676,-8.320402088095097,-8.381323885775764,16.320791040999538,1644.1671072913136,0.0,19.999845890211596,1220.008479750582,0.0,20.82224265768454,0.0,235.59554344490002,20.99979993938625,1908.4209621541631,0.0,20.749785549489214,770.425330867201,0.0,20.25005301757675,894.0162960683265,0.0,0.0,5783.00646181519,0.0,0.0,-0.803290614717495,-0.43827598904714526,-0.6747944892506303,-0.6945001730025893,-0.6827948824181674,1465.5371064079968,26.432553595294774,2215.900046291736,1054.2199863173264,1157.4876851924107,0.0,0.0,0.0,0.0,0.0,0.0,5783.00646181519,7228.758077268986,0.0,0.0,7.22,7.22,0.0,0.0,56.239823832498246,0.053793901601896045,7.22,0.0,15.89469412233513,0.0018795151652979218,-8.325585444523757,16.90215056433006,0.3705044250126874,0.0018795151652979218,16.0,82.0,0.0,0.0,0.0,7.22,0.0,-5.0375,0.00621144618492455,0.0018341833987260384,11.5,-5.0375,0.00621144618492455,0.0018341833987260384,4.5,0.0013178188447261145,0.0011113348901602958,0.0012475859008705638,0.0012263393380220577,0.0013083672111455183 
 01/15  11:00:00,-3.3999999999999995,-8.360111441550325,-8.360030914454164,-8.356119370160702,-8.361096254928022,-8.356010448449169,-8.387539912299712,16.77798505500897,1542.6257017968178,0.0,19.99984655134307,398.8444172793757,0.0,21.882265682178144,0.0,303.91730075087776,20.999341911190935,1693.1040381967782,0.0,20.7493412319831,670.0714743526003,0.0,20.249986269888613,843.1604316307919,0.0,0.0,4495.723598862559,0.0,0.0,-0.7209573740659923,-0.18613271677093401,-0.6486167804871932,-0.6695279780291743,-0.6740285498744703,610.0279797268227,0.0,1968.0336604471688,921.8762383540638,1072.521789576818,0.0,0.0,0.0,0.0,0.0,0.0,4495.723598862559,5619.654498578198,0.0,0.0,7.22,7.22,0.0,0.0,54.23867350184912,0.03875135649921624,7.22,0.0,16.32797450893092,0.0018757167332856268,-8.355722285001667,17.335438005918128,0.3705044250126874,0.0018757167332856268,16.0,82.0,0.0,0.0,0.0,7.22,0.0,-3.3999999999999995,0.00621144618492455,0.0018741627800699817,11.5,-3.3999999999999995,0.00621144618492455,0.0018741627800699817,4.5,0.0013178188447261145,0.0011113348901602958,0.0012475859008705638,0.0012263393380220577,0.0013083672111455183 
 01/15  12:00:00,-1.7374999999999998,-8.358573643057312,-8.317212295458974,-8.323529285504081,-8.316940639823596,-8.325009983103303,-8.323791757588825,17.359796646579507,1370.1087155929124,0.0,20.299529490459726,0.0,180.24690755689232,22.244913298469804,0.0,290.6734667890058,20.99974845053675,1402.1069364177497,0.0,20.749644869344216,536.3114598289384,0.0,20.25035066610701,584.0484089405176,0.0,0.0,3048.438467821331,0.0,0.0,-0.5874340451338387,-0.12252615948072039,-0.624881546584299,-0.6465560593972566,-0.6641120735275416,10.239873306610457,0.0,1634.9786857910074,746.7731779693993,769.2989120764034,0.0,0.0,0.0,0.0,0.0,0.0,3048.438467821331,3810.548084776663,0.0,0.0,7.22,7.22,0.0,0.0,53.037630923476385,0.025243778247488618,7.22,0.0,16.888795225832993,0.0018781763438718321,-8.352247675970787,17.896254154481287,0.3705044250126874,0.0018781763438718321,16.0,82.0,0.0,0.0,0.0,7.22,0.0,-1.7374999999999998,0.00621144618492455,0.0020432191658335307,11.5,-1.7374999999999998,0.00621144618492455,0.0020432191658335307,4.5,0.0013178188447261145,0.0011113348901602958,0.0012475859008705638,0.0012263393380220577,0.0013083672111455183 
 01/15  13:00:00,-0.03750000000000003,-8.265591755862452,-8.151218726316953,-8.182721480811157,-8.14869162839205,-8.187993472131303,-8.12333563192809,18.004471484110475,1186.8260438874488,0.0,21.289105410645533,0.0,217.13627578489678,21.799314491707726,0.0,217.21688013241038,21.000640535840823,1218.9622355940362,0.0,20.750154254681853,439.46363318013454,0.0,20.250054025437613,465.47831745071954,0.0,0.0,2522.494681974504,0.0,0.0,-0.3575863228095158,-0.2421104260611573,-0.6032945668989209,-0.6234428501108238,-0.6531099630478517,0.0,0.0,1402.856457618556,601.7663955370049,599.2753202217544,0.0,0.0,0.0,0.0,0.0,0.0,2522.494681974504,3153.11835246813,0.0,0.0,7.22,7.22,0.0,0.0,50.76225167776832,0.01932038155836257,7.22,0.0,17.542302277145545,0.0018954899839698424,-8.266523982980177,18.549729049646324,0.3705044250126874,0.0018954899839698424,16.0,82.0,0.0,0.0,0.0,7.22,0.0,-0.03750000000000003,0.00621144618492455,0.002276431383077735,11.5,-0.03750000000000003,0.00621144618492455,0.002276431383077735,4.5,0.0013178188447261145,0.0011113348901602958,0.0012475859008705638,0.0012263393380220577,0.0013083672111455183 
 01/15  14:00:00,1.2874999999999999,-8.011080309589095,-7.838598604240998,-7.91014597638115,-7.832854501372312,-7.920315313937388,-7.758293316259119,18.594111665100215,981.9350613147981,0.0,22.128826577681746,0.0,233.70783716448614,20.924387001840614,0.0,116.56755117478986,21.000120234186255,1143.334100491492,0.0,20.750202856722865,384.2271983704643,0.0,20.249870330843674,322.3913998431053,0.0,0.0,2132.6202797100113,0.0,0.0,-0.17073033201234838,-0.45742767015942687,-0.5935406194090544,-0.6098116003716567,-0.6421623041400124,0.0,0.0,1279.8297371502406,500.00093987669294,406.5200206971398,0.0,0.0,0.0,0.0,0.0,0.0,2132.6202797100113,2665.7753496375144,0.0,0.0,7.22,7.22,0.0,0.0,49.59983273035343,0.015751478879372484,7.22,0.0,18.17330914642167,0.0019351201029270482,-8.039694007131484,19.180662322908255,0.3705044250126874,0.0019351201029270482,16.0,82.0,0.0,0.0,0.0,7.22,0.0,1.2874999999999999,0.00621144618492455,0.0024286302817272155,11.5,1.2874999999999999,0.00621144618492455,0.0024286302817272155,4.5,0.0013178188447261145,0.0011113348901602958,0.0012475859008705638,0.0012263393380220577,0.0013083672111455183 
 01/15  15:00:00,2.3874999999999997,-7.698680245850459,-7.53580425696655,-7.617632122016568,-7.528560892037374,-7.627231823242339,-7.4220867627298395,18.982103053674784,813.0795934962048,0.0,22.083951588226814,0.0,193.99686882927472,20.503508248967023,73.03646750863822,8.229703076023668,20.999767870779237,1111.1206338544648,0.0,20.750406547174254,320.36821324437886,0.0,20.24992909399146,150.7936511202754,0.0,0.0,1896.6260367755267,0.0,0.0,-0.2011594919744945,-0.5895489977975344,-0.5937495592107028,-0.5992839110490807,-0.6361588078061151,0.0,122.73898750629735,1213.3588992448203,402.50872625634423,199.027892416446,0.0,0.0,0.0,0.0,0.0,0.0,1896.6260367755267,2370.7825459694077,0.0,0.0,7.22,7.22,0.0,0.0,48.81934799095005,0.013673275174863816,7.22,0.0,18.629722280701692,0.001990723082953883,-7.723625514679018,19.636972215799133,0.3705044250126874,0.001990723082953883,16.0,82.0,0.0,0.0,0.0,7.22,0.0,2.3874999999999997,0.00621144618492455,0.0025385543965797605,11.5,2.3874999999999997,0.00621144618492455,0.0025385543965797605,4.5,0.0013178188447261145,0.0011113348901602958,0.0012475859008705638,0.0012263393380220577,0.0013083672111455183 
 01/15  16:00:00,2.8,-7.400556881323538,-7.263560919853122,-7.338423846814267,-7.256211231599474,-7.346453463055888,-7.1399252684541965,19.15644966088063,723.0527473793227,0.0,21.78912920965524,0.0,152.67713251008075,20.500530256647952,255.92860970432588,0.0,20.999590194311065,1180.9596093290866,0.0,20.75092655104975,253.19327438734246,0.0,20.24999465778997,76.95538632108492,0.0,0.0,1991.3582826048005,0.0,0.0,-0.27703133494228294,-0.631825003925039,-0.6028459544779018,-0.5850556788160481,-0.6350519552456189,0.0,298.519232966044,1266.1929892369092,318.66673246398653,107.37174887707505,0.0,0.0,0.0,0.0,0.0,0.0,1991.3582826048005,2489.1978532560006,0.0,0.0,7.22,7.22,0.0,0.0,48.55436651489833,0.014243086337540393,7.22,0.0,18.85637016001538,0.0020447503149660655,-7.4216301859762295,19.86351979960486,0.3705044250126874,0.0020447503149660655,16.0,82.0,0.0,0.0,0.0,7.22,0.0,2.8,0.00621144618492455,0.0025801146080790763,11.5,2.8,0.00621144618492455,0.0025801146080790763,4.5,0.0013178188447261145,0.0011113348901602958,0.0012475859008705638,0.0012263393380220577,0.0013083672111455183 
 01/15  17:00:00,1.4249999999999998,-7.144626235708191,-7.057912061152495,-7.11073596789794,-7.051712935881513,-7.115411002494345,-6.945815199835313,19.109613298378264,668.6223504003038,0.0,20.737342305362827,0.0,71.03725817753218,20.50046869432977,390.39647656538716,0.0,21.000149928589103,1350.7123265141695,0.0,20.750530559375406,378.74082691502974,0.0,20.249934179910227,47.577785873483236,0.0,0.0,2457.916325461257,0.0,0.0,-0.5363252068075437,-0.6658559099457978,-0.6231512674363073,-0.6127745124128121,-0.638231174541286,0.0,434.46242769631095,1437.6604080976522,445.819168711282,79.73134862229355,0.0,0.0,0.0,0.0,0.0,0.0,2457.916325461257,3072.3954068265716,0.0,0.0,7.22,7.22,0.0,0.0,49.65283053567318,0.018202979205743517,7.22,0.0,18.834406806470007,0.0020940654619608307,-7.1412047425431675,19.841464915413976,0.3705044250126874,0.0020940654619608307,16.0,82.0,0.0,0.0,0.0,7.22,0.0,1.4249999999999998,0.00621144618492455,0.002573912794532651,11.5,1.4249999999999998,0.00621144618492455,0.002573912794532651,4.5,0.0013178188447261145,0.0011113348901602958,0.0012475859008705638,0.0012263393380220577,0.0013083672111455183 
 01/15  18:00:00,0.225,-6.963493494794436,-6.918740707464446,-6.943492131259045,-6.914684864431287,-6.944999228350072,-6.835765819007539,18.882827211700025,678.5970745717295,0.0,20.001429962288995,430.37579526009097,0.0,20.49980191395865,473.76049944901,0.0,20.99958691553343,1440.1717982258929,0.0,20.749221350175983,507.0125367643977,0.0,20.249739246156835,62.380358077633844,0.0,0.0,3206.8230125746986,0.0,0.0,-0.7368083026168935,-0.6902869392739579,-0.6384034934097366,-0.6465091481863565,-0.6466516371136475,459.341972079271,531.5195073755638,1542.520617451616,589.1541932236591,110.68686083869937,0.0,0.0,0.0,0.0,0.0,0.0,3206.8230125746986,4008.5287657183735,0.0,0.0,7.22,7.22,0.0,0.0,50.63314791607276,0.024447151129859745,7.22,0.0,18.629132222512577,0.0021265774220116814,-6.952595601117052,19.636129996842026,0.3705044250126874,0.0021265774220116814,16.0,82.0,0.0,0.0,0.0,7.22,0.0,0.225,0.00621144618492455,0.0025644096785020012,11.5,0.225,0.00621144618492455,0.0025644096785020012,4.5,0.0013178188447261145,0.0011113348901602958,0.0012475859008705638,0.0012263393380220577,0.0013083672111455183 
 01/15  19:00:00,-1.7499999999999998,-6.86802081208525,-6.846364528849155,-6.8565705110660025,-6.844074331359529,-6.8569856655233385,-6.790433314215784,18.618824248496054,774.7656311258977,0.0,20.000541575633054,931.9831517594625,0.0,20.500382833798447,543.3821249978762,0.0,20.99996049880799,1554.308427882655,0.0,20.74932006489467,587.7018840452317,0.0,20.250029548807525,125.83996058455517,0.0,0.0,4207.4902790722945,0.0,0.0,-0.7832655583341024,-0.706912624788271,-0.651349737025484,-0.6656690833761945,-0.6526859984086233,983.5609159438773,620.3073405681247,1678.1660443396374,690.9579433865614,196.68731450711923,0.0,0.0,0.0,0.0,0.0,0.0,4207.4902790722945,5259.362848840368,0.0,0.0,7.22,7.22,0.0,0.0,51.199045899873624,0.0327071820271817,7.22,0.0,18.343164262763676,0.0021432084331502277,-6.858690585599527,19.350131176740387,0.3705044250126874,0.0021432084331502277,16.0,82.0,0.0,0.0,0.0,7.22,0.0,-1.7499999999999998,0.00621144618492455,0.002444010965019852,11.5,-1.7499999999999998,0.00621144618492455,0.002444010965019852,4.5,0.0013178188447261145,0.0011113348901602958,0.0012475859008705638,0.0012263393380220577,0.0013083672111455183 
 01/15  20:00:00,-2.425,-6.815512370087769,-6.796771242171694,-6.80136737634448,-6.795519897812498,-6.801632936881704,-6.760693377798484,18.350409673209928,875.0534140399429,0.0,19.999772857563055,1173.6418623205786,0.0,20.50059088518755,606.6804625564253,0.0,21.00057614210388,1679.1167979529262,0.0,20.749536704060247,656.2402902372863,0.0,20.24974284546179,259.1819122984354,0.0,0.0,4927.332146432278,0.0,0.0,-0.8053046752773865,-0.7170948259341299,-0.6600217252325444,-0.6769938421962375,-0.6566925228975189,1246.9957915514474,702.033970868986,1823.6965262281628,779.832569535896,351.68560644280353,0.0,0.0,0.0,0.0,0.0,0.0,4927.332146432278,6159.165183040348,0.0,0.0,7.22,7.22,0.0,0.0,52.83911406629045,0.04042556354666696,7.22,0.0,18.06784214926635,0.002153012890996348,-6.806202300277679,19.07479087111668,0.3705044250126874,0.002153012890996348,16.0,82.0,0.0,0.0,0.0,7.22,0.0,-2.425,0.00621144618492455,0.0023816705235956068,11.5,-2.425,0.00621144618492455,0.0023816705235956068,4.5,0.0013178188447261145,0.0011113348901602958,0.0012475859008705638,0.0012263393380220577,0.0013083672111455183 
 01/15  21:00:00,-2.2,-6.762787255900237,-6.74071647849059,-6.747080347769725,-6.739653280452808,-6.747865481489681,-6.713856738440992,18.094924108609135,970.5818852524906,0.0,20.000136875568902,1239.2937744014298,0.0,20.49935893343229,621.7540120272193,0.0,20.999885038140988,1698.2107757027566,0.0,20.749008526775572,673.7849015088685,0.0,20.249910538136728,283.84764349222326,0.0,0.0,5113.405703096985,0.0,0.0,-0.8141603372809121,-0.7215316624112296,-0.6630096763767346,-0.6818498024918853,-0.6593648958199549,1332.7967578926305,733.9945085612139,1861.7866226076362,816.0640955880497,396.34374044164906,0.0,0.0,0.0,0.0,0.0,0.0,5113.405703096985,6391.757128871231,0.0,0.0,7.22,7.22,0.0,0.0,53.5149548080372,0.042920761062519575,7.22,0.0,17.814124496597277,0.0021624662116711247,-6.7558078387102976,18.821055678497828,0.3705044250126874,0.0021624662116711247,16.0,82.0,0.0,0.0,0.0,7.22,0.0,-2.2,0.00621144618492455,0.0023913129295951617,11.5,-2.2,0.00621144618492455,0.0023913129295951617,4.5,0.0013178188447261145,0.0011113348901602958,0.0012475859008705638,0.0012263393380220577,0.0013083672111455183 
 01/15  22:00:00,-3.95,-6.718126936017363,-6.7038916049690425,-6.708271960289814,-6.703087999535639,-6.7086541173481695,-6.683938652478167,17.882156117046524,1050.0728855443238,0.0,20.000148334093232,1335.2746942214455,0.0,20.49994716749242,653.3614897260106,0.0,20.99988562521345,1771.515060576422,0.0,20.749043644264688,705.4280765704216,0.0,20.250119390475827,299.0015870077212,0.0,0.0,5495.746333556071,0.0,0.0,-0.8251844143876437,-0.7287920534256735,-0.6710768810666806,-0.6893701806552051,-0.6614508050894836,1448.5973899348742,782.3546938540388,1953.8553822256308,866.1529978803867,431.1905596742895,0.0,0.0,0.0,0.0,0.0,0.0,5495.746333556071,6869.682916945088,0.0,0.0,7.22,7.22,0.0,0.0,54.07803709921757,0.047082421120695134,7.22,0.0,17.564266498079984,0.002170858846735033,-6.711226951887913,18.57118210853841,0.3705044250126874,0.002170858846735033,16.0,82.0,0.0,0.0,0.0,7.22,0.0,-3.95,0.00621144618492455,0.0023517268544503795,11.5,-3.95,0.00621144618492455,0.0023517268544503795,4.5,0.0013178188447261145,0.0011113348901602958,0.0012475859008705638,0.0012263393380220577,0.0013083672111455183 
 01/15  23:00:00,-3.9375,-6.688276138582527,-6.67840254584424,-6.681375915443465,-6.677837988061405,-6.681650016209942,-6.664070198811272,17.6990491674971,1118.6314481802183,0.0,20.0009386946437,1408.6239584379573,0.0,20.500623029587388,683.4125990630721,0.0,20.999241414678604,1833.8185700897293,0.0,20.75016448607444,735.9985727948302,0.0,20.24987770035602,370.5679172370868,0.0,0.0,5793.04585593015,0.0,0.0,-0.8305556269077066,-0.7329190771278871,-0.6753698662395715,-0.6935480915108986,-0.6634072779816862,1536.599220268707,824.7548994566419,2029.9235647521227,910.3834899378342,517.2237972158878,0.0,0.0,0.0,0.0,0.0,0.0,5793.04585593015,7241.307319912687,0.0,0.0,7.22,7.22,0.0,0.0,54.895873601228466,0.05109752551608372,7.22,0.0,17.380311800297406,0.0021759202638836307,-6.684420212653566,18.387218020195718,0.3705044250126874,0.0021759202638836307,16.0,82.0,0.0,0.0,0.0,7.22,0.0,-3.9375,0.00621144618492455,0.002289894043195775,11.5,-3.9375,0.00621144618492455,0.002289894043195775,4.5,0.0013178188447261145,0.0011113348901602958,0.0012475859008705638,0.0012263393380220577,0.0013083672111455183 
 01/15  24:00:00,-4.3625,-6.667067438631459,-6.661100426116578,-6.663823233593341,-6.660655541222731,-6.6641054994167614,-6.650372325320655,17.53213094946049,1181.1986303238764,0.0,20.00042767037731,1467.3827886556244,0.0,20.49918075871204,706.3147972715697,0.0,21.000780996787384,1889.2014937699857,0.0,20.751124759646682,760.3212246978565,0.0,20.250001374030155,425.2824079029656,0.0,0.0,6093.959668898484,0.0,0.0,-0.8350018358247341,-0.7365565989418846,-0.6789059910072869,-0.6969276295547298,-0.6649214789405923,1609.369020662161,859.4109792533951,2098.7249059787537,947.8537961341273,585.8998696478675,0.0,0.0,0.0,0.0,0.0,0.0,6093.959668898484,7617.449586123104,0.0,0.0,7.22,7.22,0.0,0.0,55.354401218207585,0.054684677723229776,7.22,0.0,17.203132457349913,0.002179318135789637,-6.666456212076212,18.210032373199763,0.3705044250126874,0.002179318135789637,16.0,82.0,0.0,0.0,0.0,7.22,0.0,-4.3625,0.00621144618492455,0.002236300429855342,11.5,-4.3625,0.00621144618492455,0.002236300429855342,4.5,0.0013178188447261145,0.0011113348901602958,0.0012475859008705638,0.0012263393380220577,0.0013083672111455183 
 01/16  01:00:00,-5.375,-6.657831234229452,-6.660101459728266,-6.661850277386389,-6.659812769860742,-6.661972770841707,-6.652575676687284,17.440041389820365,1349.8347659198912,0.0,20.4705025664468,2129.668338794415,0.0,20.976368210005745,1009.6968685122338,0.0,21.44181043910889,2516.729566888545,0.0,20.97303881134752,949.4975786050891,0.0,20.849893094233053,1625.4409419506867,0.0,0.0,9626.070154093859,0.0,0.0,-0.7855390866228091,-0.6849957644207515,-0.6322206882905264,-0.6765414642832102,-0.5948679682762421,2320.2823259065185,1204.277576021407,2770.108465536223,1163.968503818745,1844.5558482914787,0.0,0.0,0.0,0.0,0.0,0.0,9626.070154093859,12032.58769261732,0.0,0.0,7.22,7.22,0.0,0.0,62.59142390458317,0.1412056998066057,7.22,0.0,17.060027089146516,0.002180180882289131,-6.661898791109287,18.066925404360266,0.3705044250126874,0.002180180882289131,16.0,82.0,0.0,0.0,0.0,7.22,0.0,-5.375,0.00621144618492455,0.0021435339056715503,11.5,-5.375,0.00621144618492455,0.0021435339056715503,4.5,0.0013178188447261145,0.0011113348901602958,0.0012475859008705638,0.0012263393380220577,0.0013083672111455183 
 01/16  02:00:00,-6.2875,-6.668592251714363,-6.683949793087516,-6.683105340785476,-6.683972284064666,-6.682811678206732,-6.6810109714679005,17.5448741379127,1545.2142493126055,0.0,21.001888989675336,2294.75381678143,0.0,21.500621980317455,1076.8395548223184,0.0,22.000652023961436,2688.606034791602,0.0,21.198872163523298,986.7621442654668,0.0,21.70068570043549,1896.1687308389523,0.0,0.0,10091.638647789057,0.0,0.0,-0.7005301660782879,-0.597631479469376,-0.5436012885471411,-0.6393238961279903,-0.46169485810819977,2521.5112240423605,1301.4222576706893,2978.2635310156247,1212.3163686368675,2176.3174226085157,0.0,0.0,0.0,0.0,0.0,0.0,10091.638647789057,12614.548309736323,0.0,0.0,7.22,7.22,0.0,0.0,64.52119748898544,0.1379104061086831,7.22,0.0,17.13565831716554,0.0021774292380093204,-6.676440057533473,18.1425617374672,0.3705044250126874,0.0021774292380093204,16.0,82.0,0.0,0.0,0.0,7.22,0.0,-6.2875,0.00621144618492455,0.002037477136320949,11.5,-6.2875,0.00621144618492455,0.002037477136320949,4.5,0.0013178188447261145,0.0011113348901602958,0.0012475859008705638,0.0012263393380220577,0.0013083672111455183 
 01/16  03:00:00,-7.0125,-6.705502159875745,-6.732095092353852,-6.726101352668846,-6.73269936716337,-6.72515135527896,-6.7373051797582075,17.544768923468265,1544.9022756996674,0.0,20.999686579402223,2238.6309562882343,0.0,21.498929463796383,1042.2694511921354,0.0,22.00017021767082,2641.4362128636703,0.0,21.200658788526873,971.8590482542295,0.0,21.70010709390553,1789.9810475341628,0.0,0.0,9847.154875682747,0.0,0.0,-0.6968141249572837,-0.5920493654771045,-0.5393311879369214,-0.637097975769394,-0.45296654566272987,2465.1272008740443,1266.6620893318031,2930.9761735491466,1197.4603047025862,2070.0016128515676,0.0,0.0,0.0,0.0,0.0,0.0,9847.154875682747,12308.943594603435,0.0,0.0,7.22,7.22,0.0,0.0,63.912372952571985,0.13002645260599907,7.22,0.0,17.136753700109303,0.0021702730447000127,-6.714338281329056,18.143670397446016,0.3705044250126874,0.0021702730447000127,16.0,82.0,0.0,0.0,0.0,7.22,0.0,-7.0125,0.00621144618492455,0.001945135046385853,11.5,-7.0125,0.00621144618492455,0.001945135046385853,4.5,0.0013178188447261145,0.0011113348901602958,0.0012475859008705638,0.0012263393380220577,0.0013083672111455183 
 01/16  04:00:00,-6.199999999999999,-6.754459026873197,-6.773881813502959,-6.765857658031022,-6.774810044948076,-6.764865382333296,-6.78494666793802,17.537650214879513,1612.9886955113143,0.0,21.44210826928116,2597.1544156024815,0.0,21.648026123420685,1085.9466475769614,0.0,22.04870961105299,2648.976977167125,0.0,21.348215351384873,1018.6832228561835,0.0,21.96046648887488,2108.680057677224,0.0,0.0,10817.336499890636,0.0,0.0,-0.6394031789149498,-0.5710219685518938,-0.5301645931114383,-0.6173098300941668,-0.4185711465095426,2858.924922743012,1320.4655924630686,2942.339404274113,1255.3451046153489,2409.3913981640335,0.0,0.0,0.0,0.0,0.0,0.0,10817.336499890636,13521.670624863293,0.0,0.0,7.219999999999999,7.219999999999999,0.0,0.0,65.93517560218659,0.16831019514324075,7.219999999999999,0.0,17.134383742202253,0.0021621591177065926,-6.757436938517954,18.141315493869058,0.3705044250126874,0.0021621591177065926,16.0,82.0,0.0,0.0,0.0,7.219999999999999,0.0,-6.199999999999999,0.00621144618492455,0.0020306270110798815,11.5,-6.199999999999999,0.00621144618492455,0.0020306270110798815,4.5,0.0013178188447261145,0.0011113348901602958,0.0012475859008705638,0.0012263393380220577,0.0013083672111455183 
 01/16  05:00:00,-5.225,-6.780478430432721,-6.78485993883746,-6.780608380840691,-6.785500670691192,-6.780311139858494,-6.794608619646344,17.619307237278097,1693.1599705648232,0.0,21.998764114128,2703.6926872006507,0.0,21.799465172853772,1086.5680014726418,0.0,22.100832556462905,2619.0789646910157,0.0,21.498871070827,1020.8635419215875,0.0,22.300557350953827,2216.482094463215,0.0,0.0,10951.074891232549,0.0,0.0,-0.5425820846370217,-0.5395616270927044,-0.515740459976205,-0.5864202659580031,-0.3623839009518391,3002.8166762864157,1325.4916068493194,2909.924760158295,1262.3287429912002,2537.229329657428,0.0,0.0,0.0,0.0,0.0,0.0,10951.074891232549,13688.843614040685,0.0,0.0,7.22,7.22,0.0,0.0,66.20980554917388,0.16565236951680534,7.22,0.0,17.21989974295816,0.002157961750715515,-6.77978764949782,18.226839282459224,0.3705044250126874,0.002157961750715515,16.0,82.0,0.0,0.0,0.0,7.22,0.0,-5.225,0.00621144618492455,0.002124630650132909,11.5,-5.225,0.00621144618492455,0.002124630650132909,4.5,0.0013178188447261145,0.0011113348901602958,0.0012475859008705638,0.0012263393380220577,0.0013083672111455183 
 01/16  06:00:00,-5.0,-6.786807670236865,-6.784008400453787,-6.78265107284165,-6.784313968967679,-6.782641898187564,-6.7901990072554685,17.68171976687893,1669.8276415962757,0.0,22.00011123156719,2610.3153896956715,0.0,21.79936875960905,1056.138082962617,0.0,22.100897646442803,2573.584720589618,0.0,21.49936982542474,991.4966801507777,0.0,22.299700067170626,2143.0872243323192,0.0,0.0,10654.944226547177,0.0,0.0,-0.5325516934240169,-0.5335553932210885,-0.5114067792324144,-0.5806172039286343,-0.3570014844759303,2904.363998036558,1290.6868865695171,2859.529051005715,1228.1783187158335,2458.6193760600045,0.0,0.0,0.0,0.0,0.0,0.0,10654.944226547177,13318.680283183969,0.0,0.0,7.22,7.22,0.0,0.0,65.52233961337059,0.15439493781193853,7.22,0.0,17.285225353036374,0.002157205998914416,-6.783816372746071,18.292166294779907,0.3705044250126874,0.002157205998914416,16.0,82.0,0.0,0.0,0.0,7.22,0.0,-5.0,0.00621144618492455,0.0021850955448549725,11.5,-5.0,0.00621144618492455,0.0021850955448549725,4.5,0.0013178188447261145,0.0011113348901602958,0.0012475859008705638,0.0012263393380220577,0.0013083672111455183 
 01/16  07:00:00,-4.625,-6.733034264028666,-6.664576145664838,-6.605654876712634,-6.6688443216745075,-6.596353586899092,-6.708153333262479,17.72408730566125,1579.9420767508423,0.0,21.51455911967377,2186.6696288185335,17.611276930259443,21.899593387396372,1076.21568392197,0.0,21.342255765060653,1947.7497271300329,31.373097284801283,21.499351498941994,973.599291438241,0.0,22.393807122201334,2221.279523930669,0.0,0.0,16334.209244379792,0.0,0.0,-0.5853778775827073,-0.5164975710231385,-0.5991931455848096,-0.5756605112314529,-0.34277205372843106,2606.634389637461,1470.8933277316744,2317.6845458439557,1379.5601398723772,2724.9821514620826,2859.469110426236,3123.285954032252,0.0,0.0,0.0,0.0,16334.209244379792,20417.76155547474,0.0,0.0,7.219999999999999,7.219999999999999,0.0,0.0,65.418911240885,0.23563530021669155,7.219999999999999,0.0,6.638362446740505,0.0022249983624634956,-6.427524879333142,16.000004301283035,0.3705044250126874,0.0022249983624634956,16.0,82.0,0.030477815306881817,0.05817180402811532,0.0,7.219999999999999,0.0,4.499992232955055,0.31057230924622753,0.0022367712353528716,11.5,4.499992232955055,0.31057230924622753,0.0022367712353528716,4.5,0.06589094223630573,0.055566744508014784,0.06237929504352819,0.06131696690110289,0.06541836055727591 
 01/16  08:00:00,-4.0875,-6.529913681416184,-6.403844854247301,-6.283181602104318,-6.414422758721418,-6.268013706621557,-6.516270735335887,17.696765646304282,1494.0762876018796,0.0,20.999154511807593,1928.8860362779208,0.0,21.9999042061121,955.0434133020777,0.0,20.500110259078212,1579.7900412525846,0.0,21.500859037300124,951.6987477006238,0.0,22.500285934295782,2330.5394498507894,0.0,0.0,15509.037662042745,0.0,0.0,-0.6623439943692246,-0.467631268878556,-0.7297798537283776,-0.5675001138109285,-0.326076891154434,2325.7969344150247,1356.572205565702,1918.0416261802166,1357.9270516388158,2842.959023346618,2691.366726667447,3124.9911981446803,0.0,0.0,0.0,0.0,15509.037662042745,19386.297077553427,0.0,0.0,7.22,7.22,0.0,0.0,64.27039454866885,0.20890699456447348,7.22,0.0,6.633870403944719,0.002293786190454401,-6.083761822316154,15.998886903849955,0.3705044250126874,0.002293786190454401,16.0,82.0,0.02766307077927201,0.05825488215797854,0.0,7.22,0.0,4.499853520113517,0.31057230924622753,0.0023128233481351634,11.5,4.499853520113517,0.31057230924622753,0.0023128233481351634,4.5,0.06589094223630573,0.055566744508014784,0.06237929504352819,0.06131696690110289,0.06541836055727591 
 01/16  09:00:00,-2.15,-4.918190265975176,-2.9427851585243303,-2.866001717327494,-3.072881700605417,-3.0569732761709303,-2.4115889143975275,18.320841707595342,2535.28449202314,0.0,21.000460342853586,338.0424427988498,0.0,22.00016365000959,36.665802928433976,88.74862947853512,20.499999709693853,74.0302033625,84.38260604900876,21.50063059545796,216.22759946978033,0.0,22.500022980005568,26.688885580372755,133.91160066956888,0.0,7524.318768643435,0.0,0.0,-0.5661874855325679,-0.3001080957026787,-0.6362708704685965,-0.47196165585456235,-0.23392982156437142,734.8083531087267,349.5364174924434,327.78454070988425,622.3809902534631,405.0249819322509,2085.0378119483894,3099.1854785309497,0.0,0.0,0.0,0.0,7524.318768643435,9405.398460804292,0.0,0.0,7.22,7.22,0.0,0.0,62.16439662243089,0.09055776700431473,7.22,0.0,6.708667983339238,0.0025528066140598537,-4.8554654795645735,16.00023617618478,0.3705044250126874,0.0025528066140598537,16.0,82.0,0.019018667156129584,0.056995898157596286,0.0,7.22,0.0,4.49954263771208,0.31057230924622753,0.002585794561488615,11.5,4.49954263771208,0.31057230924622753,0.002585794561488615,4.5,0.06589094223630573,0.055566744508014784,0.06237929504352819,0.06131696690110289,0.06541836055727591 
 01/16  10:00:00,0.275,-0.6676680064402102,0.7154264752277495,0.060994241128078885,0.602513380583074,-0.37128020907209947,2.5228632895506014,18.971430119030074,2479.6595987587402,0.0,21.283551139553552,0.0,420.3477899959712,22.429623107826245,0.0,431.24957011249717,21.202032508045317,0.0,391.778679464957,21.500633321646166,0.0,219.6006702893613,23.0866558188975,0.0,560.277907442272,0.0,4671.248447170846,0.0,0.0,-0.42608790723054973,-0.1101160060112814,-0.4466191886253973,-0.3850508383594783,-0.06820387849210317,0.0,0.0,0.0,187.21190652759563,0.0,1325.4641138531933,3060.0588069960586,0.0,0.0,0.0,0.0,4671.248447170846,5839.060558963557,0.0,0.0,7.22,7.22,0.0,0.0,65.23775890709761,0.06643804669890843,7.22,0.0,6.8208806974198435,0.0030086206522345485,-2.923686539262449,16.00014288839782,0.3705044250126874,0.0030086206522345485,16.0,80.2031294993505,0.010308877439008452,0.05513806555208878,0.0,7.22,0.0,4.499484180861486,0.31057230924622753,0.002925462044835825,11.5,4.499484180861486,0.31057230924622753,0.002925462044835825,4.5,0.06589094223630573,0.055566744508014784,0.06237929504352819,0.06131696690110289,0.06541836055727591 
 01/16  11:00:00,2.1624999999999996,2.001503083037681,2.8411231165863464,1.5960049020628828,2.9273871083717475,0.9704732592968316,5.601727686885982,19.710032175553213,2425.665710648697,0.0,21.782158910482668,0.0,460.5958542451845,22.51072281153537,0.0,437.0827717332395,21.87520398228497,0.0,443.07773416246977,21.515188966055614,0.0,374.4180007304431,23.608192805257698,0.0,602.7171090220961,0.0,3875.5799980626084,0.0,0.0,-0.2976004007446606,-0.0903163458993922,-0.28104229822589594,-0.33016322836738915,0.07366701092513633,0.0,0.0,0.0,33.96680529006837,0.0,733.6985036188719,3019.1174422999748,0.0,0.0,0.0,0.0,3400.51514371994,4250.643929649926,0.0,0.0,7.22,7.22,0.0,0.0,66.40039969302713,0.059293418637293496,7.22,0.0,6.934725382936762,0.0032929152484785333,-1.845088166833531,15.999882729889354,0.3705044250126874,0.0032929152484785333,16.0,77.57141928615164,0.0049898386698777435,0.05414593553256335,0.0,7.22,0.0,4.500136330336348,0.31057230924622753,0.003102983899475738,11.5,4.500136330336348,0.31057230924622753,0.003102983899475738,4.5,0.06589094223630573,0.055566744508014784,0.06237929504352819,0.06131696690110289,0.06541836055727591 
 01/16  12:00:00,3.8000000000000003,3.4573378728712685,3.6437720282023354,1.9319649473200438,3.8441492023722263,1.3381614413837308,6.957009158817325,20.427974001751686,2197.6294763075957,0.0,22.397381619679816,0.0,547.6954713710738,22.705070766965846,0.0,482.0759806647996,22.29151570378085,0.0,510.5789068960871,21.547337862479615,0.0,446.0149766189285,23.75410305557144,0.0,652.6493433473911,0.0,6092.345328707425,0.0,0.0,-0.13103809046033002,-0.014299499831725754,-0.1663559397487214,-0.2847063966160037,0.13518754495624302,0.0,0.0,0.0,0.0,0.0,219.88634204161514,2797.9902389188924,0.0,0.0,0.0,0.0,932.870553808968,1166.08819226121,0.0,0.0,7.22,7.22,0.0,0.0,62.69227026252928,0.07499206281310812,7.22,0.0,7.054586595504737,0.00348107032002193,-1.188298994430093,15.526493146493616,0.3705044250126874,0.00348107032002193,16.0,67.24648903251457,0.0014908947785771927,0.07350116803453094,0.0,7.22,0.0,4.5004508574526465,0.31057230924622753,0.0032172790788337706,11.5,4.5004508574526465,0.31057230924622753,0.0032172790788337706,4.5,0.06589094223630573,0.055566744508014784,0.06237929504352819,0.06131696690110289,0.06541836055727591 
 01/16  13:00:00,6.15,3.623973232898968,3.2861595666051002,1.5671301630346441,3.4092921674979424,1.1184556955436238,6.532546271810325,21.07919802324764,1785.4245291534974,0.0,23.41347383511875,0.0,682.10210993212,22.684512505423996,0.0,525.6728134031506,22.121108520641013,0.0,548.2874945677481,21.483098353895958,0.0,404.7623703113386,23.459313387433504,0.0,682.447658513049,0.0,9760.889592761658,0.0,0.0,0.14607352370506252,0.01887201671148631,-0.1708404831110097,-0.2790677424953551,0.09718302971150293,0.0,0.0,0.0,86.07756453995887,0.0,0.0,1987.5764889733991,0.0,0.0,0.0,0.0,2334.7229233291278,2918.4036541614096,0.0,0.0,7.22,7.22,0.0,0.0,49.69927152526953,0.07274315690420874,7.22,0.0,8.550119768691752,0.0037784423306166386,-0.22058351226979908,14.85576465676082,0.3705044250126874,0.0037784423306166386,16.0,56.53699578153589,0.0,0.07193163077001201,0.0,7.22,0.0,6.15,0.31057230924622753,0.003540319002090361,11.5,6.15,0.31057230924622753,0.003540319002090361,4.5,0.06589094223630573,0.055566744508014784,0.06237929504352819,0.06131696690110289,0.06541836055727591 
 01/16  14:00:00,8.575000000000001,3.614082593056421,4.3112201358153905,2.673060030869438,3.987729633267846,2.276032361807453,6.696796279234394,22.020559876401087,1815.8285881240222,0.0,25.122892588605836,0.0,727.4805206784262,22.970082772249373,0.0,468.2383708627412,22.709792764625902,0.0,506.4506681780723,21.94560174280764,0.0,440.6493496199921,23.939031847260452,0.0,629.6747297941574,0.0,2170.702356203827,0.0,0.0,0.5030636997327107,0.04429046732340986,-0.06827139669815396,-0.182968342676529,0.17608552766860547,0.0,0.0,0.0,0.0,0.0,0.0,1600.8948463704025,0.0,0.0,0.0,0.0,2170.702356203827,2713.377945254784,0.0,0.0,7.219999999999999,7.219999999999999,0.0,0.0,54.04311865458983,0.018271978846751764,7.219999999999999,0.0,10.728572615450576,0.0040744673735387,0.7587782400117653,15.999921871064169,0.3705044250126874,0.0040744673735387,16.0,78.83665207066176,0.0,0.018271978846751764,0.0,7.219999999999999,0.0,8.575000000000001,0.31057230924622753,0.0039046293988447894,11.5,8.575000000000001,0.31057230924622753,0.0039046293988447894,4.5,0.06589094223630573,0.055566744508014784,0.06237929504352819,0.06131696690110289,0.0654183605572759 
 01/16  15:00:00,9.775,5.1540418506023595,6.755065717352164,4.513920565309384,5.92493897675063,4.106065090954525,8.35228881135746,22.9127381065193,1772.9194348863034,0.0,25.348658365056615,0.0,746.64641414979,22.947420253294773,0.0,467.2325430727712,23.1008083216822,0.0,536.6040702456148,22.367399323742443,0.0,472.4138217663285,24.374194789903278,0.0,664.947823525029,0.0,1168.8474991778062,0.0,0.0,0.5639564855311934,0.054071191385540965,0.03539478992914527,-0.07037899403719236,0.28753335288594,0.0,0.0,0.0,0.0,0.0,0.0,1172.7798392028817,0.0,0.0,0.0,0.0,1168.8474991778062,1461.0593739722576,0.0,0.0,7.22,7.22,0.0,0.0,55.07697074781236,0.010386646767298979,7.22,0.0,11.872441870754567,0.0044521778561239156,1.9768824052490777,15.999562686923719,0.3705044250126874,0.0044521778561239156,16.0,81.23897231604246,0.0,0.010386646767298979,0.0,7.22,0.0,9.775,0.31057230924622753,0.004267716941340373,11.5,9.775,0.31057230924622753,0.004267716941340373,4.5,0.06589094223630573,0.055566744508014784,0.06237929504352819,0.06131696690110289,0.06541836055727591 
 01/16  16:00:00,10.0,6.868442399024127,8.229478995589375,5.683998804949361,7.4161714696661045,5.351834390488217,9.901276037860825,23.426299163214566,1568.3897683401856,0.0,24.843879551529824,0.0,707.3272435484198,22.712259950332225,0.0,451.8341180127324,23.081952520362915,0.0,535.8489188227302,22.4952937603673,0.0,482.35304907747974,24.49347369493392,0.0,675.4016560535451,0.0,1041.0860115105988,0.0,0.0,0.4775063390848145,0.019474149260217854,0.05733217431890549,-0.019476850417499306,0.34446924315649624,0.0,0.0,0.0,0.0,0.0,0.0,1065.092291220545,0.0,0.0,0.0,0.0,1041.0860115105988,1301.357514388248,0.0,0.0,7.22,7.22,0.0,0.0,54.19666966273762,0.008953009841035782,7.22,0.0,12.162005856466259,0.004781350631353036,2.966197460426365,15.999882010773556,0.3705044250126874,0.004781350631353036,16.0,81.70930717588378,0.0,0.008953009841035782,0.0,7.22,0.0,10.0,0.31057230924622753,0.0045204069901314155,11.5,10.0,0.31057230924622753,0.0045204069901314155,4.5,0.06589094223630573,0.055566744508014784,0.06237929504352819,0.06131696690110289,0.06541836055727591 
 01/16  17:00:00,8.9375,7.916750247285384,8.782512658809683,6.165982668949727,8.163124821326196,5.899365252517871,10.892889952668217,23.557013719485454,1349.9335318036042,0.0,23.761974588453896,0.0,621.2127920037317,22.202166365171486,0.0,417.69344954120385,22.65161364839004,0.0,503.6896804660565,22.12121525530697,0.0,454.80832344278645,24.291004067851816,0.0,660.0879786658309,0.0,1475.25661513866,0.0,0.0,0.25337161085996784,-0.07528813971114613,-0.008417688209450064,-0.0858061608988718,0.33732548067854984,0.0,0.0,0.0,0.0,0.0,0.0,1385.1651008968088,0.0,0.0,0.0,0.0,1475.25661513866,1844.0707689233252,0.0,0.0,7.22,7.22,0.0,0.0,54.69958447103437,0.012967000357616925,7.22,0.0,11.311248668658118,0.004920210694289239,3.3723138566446305,16.00010454606418,0.3705044250126874,0.004920210694289239,16.0,81.89391984270125,0.0,0.012967000357616925,0.0,7.22,0.0,8.9375,0.31057230924622753,0.0045755842007429125,11.5,8.9375,0.31057230924622753,0.0045755842007429125,4.5,0.06589094223630573,0.055566744508014784,0.06237929504352819,0.06131696690110289,0.06541836055727591 
 01/16  18:00:00,8.3,8.28194143189825,8.65633338170401,6.253794552427706,8.340794703454801,6.008561047173013,11.301237518414041,23.38570886842983,1213.3342859454224,0.0,22.745091905770643,0.0,539.8416555978399,21.762976892857626,0.0,388.1706053382042,22.249987543594177,0.0,473.3946420635335,21.650248832172107,0.0,419.8817351233956,24.02316658549561,0.0,639.0801780348855,0.0,1650.7838634481072,0.0,0.0,0.039675758794173434,-0.16414553732430243,-0.08119517212262617,-0.1827194464016177,0.2995040714091631,0.0,0.0,0.0,0.0,0.0,0.0,1593.2021455444174,0.0,0.0,0.0,0.0,1650.7838634481072,2063.479829310134,0.0,0.0,7.22,7.22,0.0,0.0,57.10391350419568,0.015849267038137098,7.22,0.0,10.75799749860371,0.005017823553208725,3.6534818975702548,15.999675239400732,0.3705044250126874,0.005017823553208725,16.0,81.97560251584535,0.0,0.015849267038137098,0.0,7.22,0.0,8.3,0.31057230924622753,0.004651438847647737,11.5,8.3,0.31057230924622753,0.004651438847647737,4.5,0.06589094223630573,0.055566744508014784,0.06237929504352819,0.06131696690110289,0.06541836055727591 
 01/16  19:00:00,8.3,7.938305335775356,7.497755430338704,5.513018946102849,7.423884137253371,5.313653162411728,10.349268206834306,22.672348835760463,510.2599784245597,0.0,21.41498593248553,0.0,433.0175846208585,20.789941256995377,0.0,322.48358418289376,21.198729264177665,0.0,393.5310628451322,20.686245494127906,0.0,348.0966559059481,22.921682432867613,0.0,550.9738040894247,0.0,1646.0636046502207,0.0,0.0,-0.21929334424444163,-0.34773855558263833,-0.27275219154189445,-0.36590624476128003,0.09744890789533088,0.0,0.0,0.0,0.0,0.0,0.0,1630.8215293484006,0.0,0.0,0.0,0.0,1646.0636046502207,2057.579505812776,0.0,0.0,7.22,7.22,0.0,0.0,58.042411622508425,0.016422295896938645,7.22,0.0,10.658524684786258,0.005051686307280161,3.74842403834999,15.999989625079769,0.3705044250126874,0.005051686307280161,16.0,81.99512729011694,0.0,0.01642229589693864,0.0,7.22,0.0,8.3,0.31057230924622753,0.0047037034828974885,11.5,8.3,0.31057230924622753,0.0047037034828974885,4.5,0.06589094223630573,0.055566744508014784,0.06237929504352819,0.06131696690110289,0.06541836055727591 
 01/16  20:00:00,8.675,6.453127876077542,5.537989792068922,4.290488614207847,5.580367514168847,4.197489443878282,8.05454842408192,21.667977486327104,5.680823840285029,35.400340189177655,20.213138228442986,0.0,295.39664131568975,20.996893600323872,200.59278493131163,0.0,20.085350910009637,0.0,308.8267319859798,20.499331846685955,44.103879641820214,9.682924485546579,21.69598643661283,19.044336302291697,234.06835930630947,0.0,2514.842104328893,0.0,0.0,-0.48471989654858827,-0.4090029660506457,-0.5113210071242011,-0.4770008489292005,-0.16998303936175568,40.9753225040173,536.5052050263782,0.0,368.26764657223265,236.778625918925,0.0,1573.298936890076,0.0,0.0,0.0,0.0,2514.842104328893,3143.5526304111163,0.0,0.0,7.22,7.22,0.0,0.0,55.60093957452251,0.02270736813680992,7.22,0.0,10.811885637485476,0.005095273545137392,3.869227703964202,15.99986452849074,0.3705044250126874,0.005095273545137392,16.0,81.67825079166964,0.0,0.015539534152203086,0.0,7.22,0.0,8.675,0.31057230924622753,0.004871009209564816,11.5,8.675,0.31057230924622753,0.004871009209564816,4.5,0.06589094223630573,0.055566744508014784,0.06237929504352819,0.06131696690110289,0.06541836055727591 
 01/16  21:00:00,8.525000000000002,5.166847155663843,4.842813821968728,4.699156037898747,4.862790886458917,4.729127473029247,6.214358220458981,20.947866879855177,152.52601774593904,0.0,20.000224683338512,305.65607123822207,0.0,20.999004928574585,384.32261520275654,0.0,19.7726228466716,159.4302641650831,0.0,20.497378368759037,265.0701884062782,0.0,21.500369300249517,770.7214229379304,0.0,0.0,1181.2826228103456,0.0,0.0,-0.58083180326701,-0.43024075332381573,-0.6150578761349716,-0.5065305888467385,-0.27300352515115767,155.44274705740548,325.01173530965934,0.0,162.26995190261778,739.6728316199054,0.0,0.0,0.0,0.0,0.0,0.0,1181.2826228103456,1476.6032785129319,0.0,0.0,7.22,7.22,0.0,0.0,50.40031814513296,0.008846696766730939,7.22,0.0,20.882812714044725,0.0056351139348215255,5.285146987939033,21.883341759621175,0.3705044250126874,0.0056351139348215255,16.0,81.99986394828454,0.0,0.0,0.0,7.22,0.0,8.525000000000002,0.00621144618492455,0.004806707690927541,11.5,8.525000000000002,0.00621144618492455,0.004806707690927541,4.5,0.0013178188447261145,0.0011113348901602958,0.0012475859008705638,0.0012263393380220577,0.0013083672111455183 
 01/16  22:00:00,8.3,5.057739388456477,4.801392422251309,4.884246465185541,4.798854214253374,4.902208972120434,5.381494910140583,20.361398065373105,126.45240500388627,0.0,20.00054207622904,587.0656231572827,0.0,21.00013943468018,473.9058826769282,0.0,19.44540993282235,140.016441828673,0.0,20.50002251981769,362.6520384095285,0.0,21.50013592803031,1120.5996146786813,0.0,0.0,2376.850161333369,0.0,0.0,-0.6097411370950994,-0.4470523116661288,-0.68870395932685,-0.5248187872749368,-0.3114219534175472,483.53615332912807,453.8377449250104,0.0,303.34598989358096,1136.1260983658456,0.0,0.0,0.0,0.0,0.0,0.0,2376.850161333369,2971.0627016667113,0.0,0.0,7.22,7.22,0.0,0.0,48.230301961747955,0.016841390601627898,7.22,0.0,20.298454749715734,0.005545137848834948,5.052674874297377,21.299148613616833,0.3705044250126874,0.005545137848834948,16.0,81.99995998852177,0.0,0.0,0.0,7.22,0.0,8.3,0.00621144618492455,0.0047084858353229194,11.5,8.3,0.00621144618492455,0.0047084858353229194,4.5,0.0013178188447261145,0.0011113348901602958,0.0012475859008705638,0.0012263393380220577,0.0013083672111455183 
 01/16  23:00:00,7.987500000000001,4.887380561504728,4.731602225687596,4.8154101084947785,4.724901647180315,4.8255347377049,4.994327011941897,20.174199280481407,661.2666304522202,0.0,21.46053689968253,1838.6666391928263,0.0,21.985861329956844,873.0094293931843,0.0,21.59948736178732,2053.4707193023874,0.0,22.158608466531717,1008.8992640759448,0.0,21.89292672387774,1693.778405090668,0.0,0.0,8118.891689732987,0.0,0.0,-0.42837471848357683,-0.32576802610117206,-0.4215556925825917,-0.3144141543535814,-0.2759027693735503,1877.5059107038603,940.9862177328075,2100.777069361723,1096.730454337935,1766.2142342566676,0.0,0.0,0.0,0.0,0.0,0.0,8097.1900537676065,10121.48756720951,0.0,0.0,7.219999999999999,7.219999999999999,0.0,0.0,61.33556445579373,0.09975355175396668,7.219999999999999,0.0,19.975275293509597,0.005479764498501627,4.884168328405247,20.97608896716905,0.3705044250126874,0.005479764498501627,16.0,81.97937017215143,0.0,0.0,0.0,7.219999999999999,0.0,7.987500000000001,0.00621144618492455,0.004864012602373875,11.5,7.987500000000001,0.00621144618492455,0.004864012602373875,4.5,0.0013178188447261145,0.0011113348901602958,0.0012475859008705638,0.0012263393380220577,0.0013083672111455183 
 01/16  24:00:00,7.425,4.751764008874215,4.6636389167010615,4.719952802651301,4.657451592835137,4.72514836160555,4.751768285097525,20.081614752380098,740.8955145944753,0.0,21.500339252891965,1535.8012821886732,0.0,22.001060159115248,763.1529585168004,0.0,21.70116662323136,1623.371275447598,0.0,22.19914120198139,820.1900658973713,0.0,21.899816106538566,1555.1679505715979,0.0,0.0,6577.52623227574,0.0,0.0,-0.4031218472108554,-0.3074261769148922,-0.37448981923874586,-0.27994564710575964,-0.27138576353244503,1583.8425587048991,837.2893389081306,1684.0383956405253,916.7005545506113,1634.3760510913512,0.0,0.0,0.0,0.0,0.0,0.0,6577.52623227574,8221.907790344674,0.0,0.0,7.22,7.22,0.0,0.0,56.93551986454568,0.06272586157087875,7.22,0.0,19.89846030697418,0.005436853343437575,4.763555432694541,20.899352639472976,0.3705044250126874,0.005436853343437575,16.0,81.99999138910607,0.0,0.0,0.0,7.22,0.0,7.425,0.00621144618492455,0.00507718203269691,11.5,7.425,0.00621144618492455,0.00507718203269691,4.5,0.0013178188447261145,0.0011113348901602958,0.0012475859008705638,0.0012263393380220577,0.0013083672111455183 
 07/01  01:00:00,17.075,15.39025472198013,15.39025472198013,15.39025472198013,15.39025472198013,15.39025472198013,15.39025472198013,21.09230924168806,0.0,0.0,20.890620812009377,15.840000000000002,0.0,20.93875627798144,6.840000000000001,0.0,20.91243426269103,15.840000000000002,0.0,20.951614366574137,6.840000000000001,0.0,21.41403580333018,29.640000000000004,0.0,0.0,0.0,0.0,0.0,-0.18420337887400734,-0.17243285741641945,-0.1799434963001608,-0.1697508130088535,-0.08579881088256756,0.0,0.0,0.0,0.0,0.0,0.0,0.0,0.0,0.0,0.0,0.0,0.0,0.0,0.0,0.0,7.22,7.22,0.0,0.0,82.0,0.0,7.22,0.0,21.14635054197329,0.011190308241091903,15.39025472198013,21.14635054197329,0.0,0.011190308241091903,13.0,82.0,0.0,0.0,0.0,7.22,0.0,17.075,0.0,0.010977161156531953,11.5,17.075,0.0,0.010977161156531953,4.5,0.0,0.0,0.0,0.0,0.0 
 07/01  02:00:00,16.8125,15.404030235123994,15.404030235123994,15.404030235123994,15.404030235123994,15.404030235123994,15.404030235123994,20.896886441260325,0.0,0.0,20.813969740660525,15.840000000000002,0.0,20.857380900650668,6.840000000000001,0.0,20.830347197331317,15.840000000000002,0.0,20.864684800536793,6.840000000000001,0.0,21.345967029614982,29.640000000000004,0.0,0.0,0.0,0.0,0.0,-0.19907498813215083,-0.18840830269919157,-0.19594736211462543,-0.18688102817587196,-0.09856237543801667,0.0,0.0,0.0,0.0,0.0,0.0,0.0,0.0,0.0,0.0,0.0,0.0,0.0,0.0,0.0,7.22,7.22,0.0,0.0,82.0,0.0,7.22,0.0,20.943062366819127,0.011190308241091901,15.404030235123994,20.943062366819127,0.0,0.011190308241091901,13.0,82.0,0.0,0.0,0.0,7.22,0.0,16.8125,0.0,0.010642527234446517,11.5,16.8125,0.0,0.010642527234446517,4.5,0.0,0.0,0.0,0.0,0.0 
 07/01  03:00:00,16.512499999999996,15.38829529256747,15.38829529256747,15.38829529256747,15.38829529256747,15.38829529256747,15.38829529256747,20.7244605156452,0.0,0.0,20.73860261723069,15.840000000000002,0.0,20.781680173281188,6.840000000000001,0.0,20.752959019567662,15.840000000000002,0.0,20.78584775325359,6.840000000000001,0.0,21.288058237662703,29.640000000000004,0.0,0.0,0.0,0.0,0.0,-0.21447823760348766,-0.20401698049417982,-0.21179070410610573,-0.2031440779534317,-0.11014754966423874,0.0,0.0,0.0,0.0,0.0,0.0,0.0,0.0,0.0,0.0,0.0,0.0,0.0,0.0,0.0,7.22,7.22,0.0,0.0,82.0,0.0,7.22,0.0,20.765993212462348,0.011190308241091901,15.38829529256747,20.765993212462348,0.0,0.011190308241091901,13.0,82.0,0.0,0.0,0.0,7.22,0.0,16.512499999999996,0.0,0.010448839412941847,11.5,16.512499999999996,0.0,0.010448839412941847,4.5,0.0,0.0,0.0,0.0,0.0 
 07/01  04:00:00,16.2125,15.382391710426102,15.382391710426102,15.382391710426102,15.382391710426102,15.382391710426102,15.382391710426102,20.568736306355333,0.0,0.0,20.66494371364872,15.840000000000002,0.0,20.70999765204417,6.840000000000001,0.0,20.678958197501995,15.840000000000002,0.0,20.71237177882363,6.840000000000001,0.0,21.23678241657839,29.640000000000004,0.0,0.0,0.0,0.0,0.0,-0.22928252101118915,-0.21855528762706633,-0.22668898591585906,-0.21805721971205919,-0.1201778618312841,0.0,0.0,0.0,0.0,0.0,0.0,0.0,0.0,0.0,0.0,0.0,0.0,0.0,0.0,0.0,7.22,7.22,0.0,0.0,82.0,0.0,7.22,0.0,20.605900869680234,0.011190308241091903,15.382391710426102,20.605900869680234,0.0,0.011190308241091903,13.0,82.0,0.0,0.0,0.0,7.22,0.0,16.2125,0.0,0.010475827587759903,11.5,16.2125,0.0,0.010475827587759903,4.5,0.0,0.0,0.0,0.0,0.0 
 07/01  05:00:00,16.1,15.39223028572611,15.39223028572611,15.39223028572611,15.39223028572611,15.39223028572611,15.39223028572611,20.43579544487723,0.0,0.0,20.622194202180417,15.840000000000002,0.0,20.684179259677084,6.840000000000001,0.0,20.66081436686264,15.840000000000002,0.0,20.679521351792307,6.840000000000001,0.0,21.192229602700106,29.640000000000004,0.0,0.0,0.0,0.0,0.0,-0.23708591164772813,-0.2229047490063764,-0.2292987389685105,-0.22388026080172366,-0.12842727851992633,0.0,0.0,0.0,0.0,0.0,0.0,0.0,0.0,0.0,0.0,0.0,0.0,0.0,0.0,0.0,7.22,7.22,0.0,0.0,82.0,0.0,7.22,0.0,20.466469107169807,0.011190308241091903,15.39223028572611,20.466469107169807,0.0,0.011190308241091903,13.0,82.0,0.0,0.0,0.0,7.22,0.0,16.1,0.0,0.010527136160152233,11.5,16.1,0.0,0.010527136160152233,4.5,0.0,0.0,0.0,0.0,0.0 
 07/01  06:00:00,16.1,15.38829529256747,15.38829529256747,15.38829529256747,15.38829529256747,15.38829529256747,15.38829529256747,20.343628676021048,0.0,0.0,20.6808054725075,15.840000000000002,0.0,20.828588618443362,6.840000000000001,0.0,20.821195533183026,15.840000000000002,0.0,20.800020624192094,6.840000000000001,0.0,21.166324127399996,29.640000000000004,0.0,0.0,0.0,0.0,0.0,-0.22486456954816134,-0.19192424471709568,-0.19494658963713282,-0.19840526191585173,-0.13317640741119077,0.0,0.0,0.0,0.0,0.0,0.0,0.0,0.0,0.0,0.0,0.0,0.0,0.0,0.0,0.0,7.22,7.22,0.0,0.0,82.0,0.0,7.22,0.0,20.359141825258664,0.011190308241091903,15.38829529256747,20.359141825258664,0.0,0.011190308241091903,13.0,82.0,0.0,0.0,0.0,7.22,0.0,16.1,0.0,0.010753050440984634,11.5,16.1,0.0,0.010753050440984634,4.5,0.0,0.0,0.0,0.0,0.0 
 07/01  07:00:00,16.1,15.39223028572611,15.39223028572611,15.39223028572611,15.39223028572611,15.39223028572611,15.39223028572611,20.371690594408186,0.0,0.0,20.90853202052069,15.840000000000002,0.0,21.35103396743214,6.840000000000001,0.0,21.346441218479452,15.840000000000002,0.0,21.180209694080325,6.840000000000001,0.0,21.190098100453806,29.640000000000004,0.0,0.0,0.0,0.0,0.0,-0.1772298168588445,-0.07959856914485638,-0.0823140598990926,-0.11720940272751496,-0.12757770772042562,0.0,0.0,0.0,0.0,0.0,0.0,0.0,0.0,0.0,0.0,0.0,0.0,0.0,0.0,0.0,7.22,7.22,0.0,0.0,82.0,0.0,7.22,0.0,20.350420504243512,0.011190308241091903,15.39223028572611,20.350420504243512,0.0,0.011190308241091903,13.0,82.0,0.0,0.0,0.0,7.22,0.0,16.1,0.0,0.010884181264309395,11.5,16.1,0.0,0.010884181264309395,4.5,0.0,0.0,0.0,0.0,0.0 
 07/01  08:00:00,16.474999999999998,15.39813168306067,15.39813168306067,15.39813168306067,15.39813168306067,15.39813168306067,15.39813168306067,20.551129969533367,0.0,0.0,21.237254974742655,15.840000000000002,0.0,21.999828278860875,6.840000000000001,0.0,21.929939713342865,15.840000000000002,0.0,21.696124858913567,6.840000000000001,0.0,21.284979958299402,29.640000000000004,0.0,0.0,0.0,0.0,0.0,-0.1090097775145003,0.05419247470213168,0.03688801273889937,-0.010158006974470172,-0.10831854288605215,0.0,0.0,0.0,0.0,0.0,0.0,0.0,0.0,0.0,0.0,0.0,0.0,0.0,0.0,0.0,7.22,7.22,0.0,0.0,82.0,0.0,7.22,0.0,20.49177192909852,0.011190308241091903,15.39813168306067,20.49177192909852,0.0,0.011190308241091903,13.0,82.0,0.0,0.0,0.0,7.22,0.0,16.474999999999998,0.0,0.011148557132964884,11.5,16.474999999999998,0.0,0.011148557132964884,4.5,0.0,0.0,0.0,0.0,0.0 
 07/01  09:00:00,17.0125,15.39813168306067,15.39813168306067,15.39813168306067,15.39813168306067,15.39813168306067,15.39813168306067,20.88853592468017,0.0,0.0,21.652461028843646,15.840000000000002,0.0,22.71109181871563,6.840000000000001,0.0,22.535602079486,15.840000000000002,0.0,22.30238549796942,6.840000000000001,0.0,21.43166267847484,29.640000000000004,0.0,0.0,0.0,0.0,0.0,-0.023727818155878995,0.20123466160845804,0.16114543587769797,0.11533488502880143,-0.07938467152503509,0.0,0.0,0.0,0.0,0.0,0.0,0.0,0.0,0.0,0.0,0.0,0.0,0.0,0.0,0.0,7.22,7.22,0.0,0.0,82.0,0.0,7.22,0.0,20.788934963466353,0.011190308241091903,15.39813168306067,20.788934963466353,0.0,0.011190308241091903,13.0,82.0,0.0,0.0,0.0,7.22,0.0,17.0125,0.0,0.01130492035738601,11.5,17.0125,0.0,0.01130492035738601,4.5,0.0,0.0,0.0,0.0,0.0 
 07/01  10:00:00,17.575,15.38829529256747,15.38829529256747,15.38829529256747,15.38829529256747,15.38829529256747,15.38829529256747,21.387364508603447,0.0,0.0,22.111016920174958,15.840000000000002,0.0,23.41509485503397,6.840000000000001,0.0,23.113999684038046,15.840000000000002,0.0,22.94312731894019,6.840000000000001,0.0,21.62107874066368,29.640000000000004,0.0,0.0,0.0,0.0,0.0,0.07000661608947054,0.34604218820213695,0.2791435843718024,0.2474506372879976,-0.042683447812178546,0.0,0.0,0.0,0.0,0.0,0.0,0.0,0.0,0.0,0.0,0.0,0.0,0.0,0.0,0.0,7.22,7.22,0.0,0.0,82.0,0.0,7.22,0.0,21.248312818731833,0.011190308241091901,15.38829529256747,21.248312818731833,0.0,0.011190308241091901,13.0,82.0,0.0,0.0,0.0,7.22,0.0,17.575,0.0,0.011336438264719646,11.5,17.575,0.0,0.011336438264719646,4.5,0.0,0.0,0.0,0.0,0.0 
 07/01  11:00:00,18.1125,15.382391710426102,15.382391710426102,15.382391710426102,15.382391710426102,15.382391710426102,15.382391710426102,22.03010095894831,0.0,0.0,22.59667083595912,15.840000000000002,0.0,24.094584559045586,6.840000000000001,0.0,23.6846752695326,15.840000000000002,0.0,23.60156319072631,6.840000000000001,0.0,21.84004165757696,29.640000000000004,0.0,0.0,0.0,0.0,0.0,0.1692313695512636,0.48543912219661833,0.39652572961494575,0.383137588669703,-0.0002363051166108165,0.0,0.0,0.0,0.0,0.0,0.0,0.0,0.0,0.0,0.0,0.0,0.0,0.0,0.0,0.0,7.22,7.22,0.0,0.0,82.0,0.0,7.22,0.0,21.8579339906698,0.011190308241091903,15.382391710426102,21.8579339906698,0.0,0.011190308241091903,13.0,82.0,0.0,0.0,0.0,7.22,0.0,18.1125,0.0,0.011587088282822929,11.5,18.1125,0.0,0.011587088282822929,4.5,0.0,0.0,0.0,0.0,0.0 
 07/01  12:00:00,18.3,15.382391710426102,15.382391710426102,15.382391710426102,15.382391710426102,15.382391710426102,15.382391710426102,22.747825754928687,0.0,0.0,22.984046345231587,15.840000000000002,0.0,24.533204165774986,6.840000000000001,0.0,24.131706817289313,15.840000000000002,0.0,24.11633240522177,6.840000000000001,0.0,22.07558193214505,29.640000000000004,0.0,0.0,0.0,0.0,0.0,0.24776397956033008,0.5734815889584579,0.4875092451445704,0.48819373179605763,0.045199524636980085,0.0,0.0,0.0,0.0,0.0,0.0,0.0,0.0,0.0,0.0,0.0,0.0,0.0,0.0,0.0,7.22,7.22,0.0,0.0,82.0,0.0,7.22,0.0,22.567752110471808,0.011190308241091903,15.382391710426102,22.567752110471808,0.0,0.011190308241091903,13.0,82.0,0.0,0.0,0.0,7.22,0.0,18.3,0.0,0.011726523668417858,11.5,18.3,0.0,0.011726523668417858,4.5,0.0,0.0,0.0,0.0,0.0 
 07/01  13:00:00,18.675,15.372546469518092,15.372546469518092,15.372546469518092,15.372546469518092,15.372546469518092,15.372546469518092,23.44558313318488,0.0,0.0,23.306276982161595,15.840000000000002,0.0,24.796191506196024,6.840000000000001,0.0,24.495831222555655,15.840000000000002,0.0,24.529513246662596,6.840000000000001,0.0,22.29761866644538,29.640000000000004,0.0,0.0,0.0,0.0,0.0,0.31390343788331554,0.6268575018124234,0.5623749086657144,0.5735787685125993,0.08762405084784279,0.0,0.0,0.0,0.0,0.0,0.0,0.0,0.0,0.0,0.0,0.0,0.0,0.0,0.0,0.0,7.22,7.22,0.0,0.0,82.0,0.0,7.22,0.0,23.27717726801635,0.011190308241091903,15.372546469518092,23.27717726801635,0.0,0.011190308241091903,13.0,82.0,0.0,0.0,0.0,7.22,0.0,18.675,0.0,0.011753948618775822,11.5,18.675,0.0,0.011753948618775822,4.5,0.0,0.0,0.0,0.0,0.0 
 07/01  14:00:00,18.212500000000002,15.356783526757443,15.356783526757443,15.356783526757443,15.356783526757443,15.356783526757443,15.356783526757443,24.07388716731147,0.0,0.0,23.470206820055452,15.840000000000002,0.0,24.864735037580854,6.840000000000001,0.0,24.645295929074585,15.840000000000002,0.0,24.798121238969497,6.840000000000001,0.0,22.491659309982666,29.640000000000004,0.0,0.0,0.0,0.0,0.0,0.34548720900872326,0.6392829999293796,0.5902163172904809,0.6280535567865138,0.12429655988048699,0.0,0.0,0.0,0.0,0.0,0.0,0.0,0.0,0.0,0.0,0.0,0.0,0.0,0.0,0.0,7.22,7.22,0.0,0.0,82.0,0.0,7.22,0.0,23.922686534445383,0.011190308241091903,15.356783526757443,23.922686534445383,0.0,0.011190308241091903,13.0,82.0,0.0,0.0,0.0,7.22,0.0,18.212500000000002,0.0,0.011780757983353716,11.5,18.212500000000002,0.0,0.011780757983353716,4.5,0.0,0.0,0.0,0.0,0.0 
 07/01  15:00:00,17.8,15.350869280718658,15.350869280718658,15.350869280718658,15.350869280718658,15.350869280718658,15.350869280718658,24.59395314955925,0.0,0.0,23.473760236959627,15.840000000000002,0.0,24.772192335406093,6.840000000000001,0.0,24.58155128701525,15.840000000000002,0.0,24.913606786644895,6.840000000000001,0.0,22.641920928070604,29.640000000000004,0.0,0.0,0.0,0.0,0.0,0.3453268096210189,0.6183336940766873,0.5748422040228971,0.6496827538645785,0.15252803440832266,0.0,0.0,0.0,0.0,0.0,0.0,0.0,0.0,0.0,0.0,0.0,0.0,0.0,0.0,0.0,7.22,7.22,0.0,0.0,82.0,0.0,7.22,0.0,24.485011206748258,0.011190308241091901,15.350869280718658,24.485011206748258,0.0,0.011190308241091901,13.0,82.0,0.0,0.0,0.0,7.22,0.0,17.8,0.0,0.01178019996160236,11.5,17.8,0.0,0.01178019996160236,4.5,0.0,0.0,0.0,0.0,0.0 
 07/01  16:00:00,16.737500000000004,15.350869280718658,15.350869280718658,15.350869280718658,15.350869280718658,15.350869280718658,15.350869280718658,24.8001860641477,0.0,0.0,23.11319220410673,15.840000000000002,0.0,24.196889600250767,6.840000000000001,0.0,23.997664989758338,15.840000000000002,0.0,24.369356835560623,6.840000000000001,0.0,22.704571467885977,29.640000000000004,0.0,0.0,0.0,0.0,0.0,0.2672074951266131,0.49368969050334144,0.4480076174710209,0.5288044624260158,0.1632194391251543,0.0,0.0,0.0,0.0,0.0,0.0,0.0,0.0,0.0,0.0,0.0,0.0,0.0,0.0,0.0,7.22,7.22,0.0,0.0,82.0,0.0,7.22,0.0,24.781267455856174,0.011190308241091903,15.350869280718658,24.781267455856174,0.0,0.011190308241091903,13.0,82.0,0.0,0.0,0.0,7.22,0.0,16.737500000000004,0.0,0.011542803116771125,11.5,16.737500000000004,0.0,0.011542803116771125,4.5,0.0,0.0,0.0,0.0,0.0 
 07/01  17:00:00,15.787500000000001,15.350869280718658,15.350869280718658,15.350869280718658,15.350869280718658,15.350869280718658,15.350869280718658,24.667901522275102,0.0,0.0,22.640907421665375,15.840000000000002,0.0,23.51862159350633,6.840000000000001,0.0,23.321616933461172,15.840000000000002,0.0,23.675334886111436,6.840000000000001,0.0,22.635765176131684,29.640000000000004,0.0,0.0,0.0,0.0,0.0,0.17375643248955505,0.35699951177436395,0.3132798883588427,0.38963431058271525,0.14888535558486027,0.0,0.0,0.0,0.0,0.0,0.0,0.0,0.0,0.0,0.0,0.0,0.0,0.0,0.0,0.0,7.22,7.22,0.0,0.0,82.0,0.0,7.22,0.0,24.73325458030599,0.011190308241091901,15.350869280718658,24.73325458030599,0.0,0.011190308241091901,13.0,82.0,0.0,0.0,0.0,7.22,0.0,15.787500000000001,0.0,0.011381515197530417,11.5,15.787500000000001,0.0,0.011381515197530417,4.5,0.0,0.0,0.0,0.0,0.0 
 07/01  18:00:00,15.912500000000001,15.350869280718658,15.350869280718658,15.350869280718658,15.350869280718658,15.350869280718658,15.350869280718658,24.26121416622031,0.0,0.0,22.288503932006925,15.840000000000002,0.0,22.993862243511277,6.840000000000001,0.0,22.828431551360524,15.840000000000002,0.0,23.204572485803848,6.840000000000001,0.0,22.496182673153733,29.640000000000004,0.0,0.0,0.0,0.0,0.0,0.10252266575149697,0.24967107032550698,0.21290525525838486,0.29452317653035565,0.12175864621446615,0.0,0.0,0.0,0.0,0.0,0.0,0.0,0.0,0.0,0.0,0.0,0.0,0.0,0.0,0.0,7.22,7.22,0.0,0.0,82.0,0.0,7.22,0.0,24.378034684080742,0.011190308241091903,15.350869280718658,24.378034684080742,0.0,0.011190308241091903,13.0,82.0,0.0,0.0,0.0,7.22,0.0,15.912500000000001,0.0,0.011608490968055461,11.5,15.912500000000001,0.0,0.011608490968055461,4.5,0.0,0.0,0.0,0.0,0.0 
 07/01  19:00:00,16.1,15.350869280718658,15.350869280718658,15.350869280718658,15.350869280718658,15.350869280718658,15.350869280718658,23.74774785066257,0.0,0.0,21.95641142402633,15.840000000000002,0.0,22.480637105678923,6.840000000000001,0.0,22.345043458805172,15.840000000000002,0.0,22.744087727333362,6.840000000000001,0.0,22.328001270998904,29.640000000000004,0.0,0.0,0.0,0.0,0.0,0.032847778968189204,0.14202939344048626,0.11123086065950429,0.19756043402136325,0.08919671276432019,0.0,0.0,0.0,0.0,0.0,0.0,0.0,0.0,0.0,0.0,0.0,0.0,0.0,0.0,0.0,7.22,7.22,0.0,0.0,82.0,0.0,7.22,0.0,23.880316346896034,0.011190308241091903,15.350869280718658,23.880316346896034,0.0,0.011190308241091903,13.0,82.0,0.0,0.0,0.0,7.22,0.0,16.1,0.0,0.01175061119473483,11.5,16.1,0.0,0.01175061119473483,4.5,0.0,0.0,0.0,0.0,0.0 
 07/01  20:00:00,16.1,15.350869280718658,15.350869280718658,15.350869280718658,15.350869280718658,15.350869280718658,15.350869280718658,23.193257462496423,0.0,0.0,21.602516163567586,15.840000000000002,0.0,21.950370803595057,6.840000000000001,0.0,21.835747380616446,15.840000000000002,0.0,22.19816093828753,6.840000000000001,0.0,22.138556580279566,29.640000000000004,0.0,0.0,0.0,0.0,0.0,-0.040331171019402735,0.03217344577335718,0.005918113788152883,0.08131544958005803,0.05240248981271712,0.0,0.0,0.0,0.0,0.0,0.0,0.0,0.0,0.0,0.0,0.0,0.0,0.0,0.0,0.0,7.22,7.22,0.0,0.0,82.0,0.0,7.22,0.0,23.335656309922555,0.011190308241091908,15.350869280718658,23.335656309922555,0.0,0.011190308241091908,13.0,82.0,0.0,0.0,0.0,7.22,0.0,16.1,0.0,0.01175061119473483,11.5,16.1,0.0,0.01175061119473483,4.5,0.0,0.0,0.0,0.0,0.0 
 07/01  21:00:00,16.1,15.360725561089252,15.360725561089252,15.360725561089252,15.360725561089252,15.360725561089252,15.360725561089252,22.619594189462017,0.0,0.0,21.316116021104335,15.840000000000002,0.0,21.5384094024897,6.840000000000001,0.0,21.447434479593277,15.840000000000002,0.0,21.669338179778652,6.840000000000001,0.0,21.938831400414188,29.640000000000004,0.0,0.0,0.0,0.0,0.0,-0.09794975674680154,-0.05093842655224089,-0.0718852009822462,-0.024875594930616585,0.014077566407637784,0.0,0.0,0.0,0.0,0.0,0.0,0.0,0.0,0.0,0.0,0.0,0.0,0.0,0.0,0.0,7.22,7.22,0.0,0.0,82.0,0.0,7.22,0.0,22.76186919914831,0.011190308241091917,15.360725561089252,22.76186919914831,0.0,0.011190308241091917,13.0,82.0,0.0,0.0,0.0,7.22,0.0,16.1,0.0,0.011743035621517963,11.5,16.1,0.0,0.011743035621517963,4.5,0.0,0.0,0.0,0.0,0.0 
 07/01  22:00:00,16.787499999999998,15.366637418045899,15.366637418045899,15.366637418045899,15.366637418045899,15.366637418045899,15.366637418045899,22.083823870609272,0.0,0.0,21.145050874532075,15.840000000000002,0.0,21.28601829627747,6.840000000000001,0.0,21.223056880246798,15.840000000000002,0.0,21.35808410681036,6.840000000000001,0.0,21.757440269499547,29.640000000000004,0.0,0.0,0.0,0.0,0.0,-0.13267173497641438,-0.10220421210441771,-0.11725270755586087,-0.08774586346611356,-0.020560557264179064,0.0,0.0,0.0,0.0,0.0,0.0,0.0,0.0,0.0,0.0,0.0,0.0,0.0,0.0,0.0,7.22,7.22,0.0,0.0,82.0,0.0,7.22,0.0,22.210652418821127,0.011190308241091915,15.366637418045899,22.210652418821127,0.0,0.011190308241091915,13.0,82.0,0.0,0.0,0.0,7.22,0.0,16.787499999999998,0.0,0.011488034454545257,11.5,16.787499999999998,0.0,0.011488034454545257,4.5,0.0,0.0,0.0,0.0,0.0 
 07/01  23:00:00,17.2,15.366637418045899,15.366637418045899,15.366637418045899,15.366637418045899,15.366637418045899,15.366637418045899,21.641409552865156,0.0,0.0,21.053384174623716,15.840000000000002,0.0,21.140619832219947,6.840000000000001,0.0,21.10180283420071,15.840000000000002,0.0,21.181608282189035,6.840000000000001,0.0,21.609553712423242,29.640000000000004,0.0,0.0,0.0,0.0,0.0,-0.1524271909134307,-0.13255775245512913,-0.1427360269446952,-0.12409744073783618,-0.048842484784603284,0.0,0.0,0.0,0.0,0.0,0.0,0.0,0.0,0.0,0.0,0.0,0.0,0.0,0.0,0.0,7.22,7.22,0.0,0.0,82.0,0.0,7.22,0.0,21.741650688250626,0.011190308241091915,15.366637418045899,21.741650688250626,0.0,0.011190308241091915,13.0,82.0,0.0,0.0,0.0,7.22,0.0,17.2,0.0,0.011322488855089867,11.5,17.2,0.0,0.011322488855089867,4.5,0.0,0.0,0.0,0.0,0.0 
 07/01  24:00:00,17.2,15.356783526757443,15.356783526757443,15.356783526757443,15.356783526757443,15.356783526757443,15.356783526757443,21.321515384951507,0.0,0.0,20.96721078242866,15.840000000000002,0.0,21.02826273457277,6.840000000000001,0.0,20.998613458039415,15.840000000000002,0.0,21.051074874608005,6.840000000000001,0.0,21.497801401722974,29.640000000000004,0.0,0.0,0.0,0.0,0.0,-0.16984345908026238,-0.15528896635737846,-0.16357249217203326,-0.15054962655158532,-0.07052473595929315,0.0,0.0,0.0,0.0,0.0,0.0,0.0,0.0,0.0,0.0,0.0,0.0,0.0,0.0,0.0,7.22,7.22,0.0,0.0,82.0,0.0,7.22,0.0,21.38891691815877,0.011190308241091915,15.356783526757443,21.38891691815877,0.0,0.011190308241091915,13.0,82.0,0.0,0.0,0.0,7.22,0.0,17.2,0.0,0.011329787388265813,11.5,17.2,0.0,0.011329787388265813,4.5,0.0,0.0,0.0,0.0,0.0 
 07/02  01:00:00,17.2,15.360725561089252,15.360725561089252,15.360725561089252,15.360725561089252,15.360725561089252,15.360725561089252,21.07993608006773,0.0,0.0,20.695178611848455,15.840000000000002,0.0,20.75689159846771,6.840000000000001,0.0,20.715098824299055,15.840000000000002,0.0,20.769831881467752,6.840000000000001,0.0,21.183862912535,29.640000000000004,0.0,0.0,0.0,0.0,0.0,-0.21130911153439438,-0.19806729885430488,-0.20737705315171723,-0.19540999857771485,-0.11797825212908472,0.0,0.0,0.0,0.0,0.0,0.0,0.0,0.0,0.0,0.0,0.0,0.0,0.0,0.0,0.0,7.22,7.22,0.0,0.0,82.0,0.0,7.22,0.0,21.1400036539368,0.011190308241091915,15.360725561089252,21.1400036539368,0.0,0.011190308241091915,13.0,82.0,0.0,0.0,0.0,7.22,0.0,17.2,0.0,0.011326867222248072,11.5,17.2,0.0,0.011326867222248072,4.5,0.0,0.0,0.0,0.0,0.0 
 07/02  02:00:00,17.2,15.366637418045899,15.366637418045899,15.366637418045899,15.366637418045899,15.366637418045899,15.366637418045899,20.854509954386103,0.0,0.0,20.55179205258519,15.840000000000002,0.0,20.598086756040583,6.840000000000001,0.0,20.56218470491211,15.840000000000002,0.0,20.605010801616206,6.840000000000001,0.0,20.979510833808533,29.640000000000004,0.0,0.0,0.0,0.0,0.0,-0.24017178487561822,-0.22988424456191037,-0.23804750193115978,-0.22842868112471343,-0.155129030455704,0.0,0.0,0.0,0.0,0.0,0.0,0.0,0.0,0.0,0.0,0.0,0.0,0.0,0.0,0.0,7.22,7.22,0.0,0.0,82.0,0.0,7.22,0.0,20.90767416050922,0.011190308241091915,15.366637418045899,20.90767416050922,0.0,0.011190308241091915,13.0,82.0,0.0,0.0,0.0,7.22,0.0,17.2,0.0,0.011562777440699234,11.5,17.2,0.0,0.011562777440699234,4.5,0.0,0.0,0.0,0.0,0.0 
 07/02  03:00:00,17.2,15.366637418045899,15.366637418045899,15.366637418045899,15.366637418045899,15.366637418045899,15.366637418045899,20.661465735027107,0.0,0.0,20.479126780883607,15.840000000000002,0.0,20.51679922356863,6.840000000000001,0.0,20.48507421492672,15.840000000000002,0.0,20.520695481418233,6.840000000000001,0.0,20.869769331243987,29.640000000000004,0.0,0.0,0.0,0.0,0.0,-0.25618266691262864,-0.2478027528477164,-0.2549913069935793,-0.24698285190125646,-0.1763430916192458,0.0,0.0,0.0,0.0,0.0,0.0,0.0,0.0,0.0,0.0,0.0,0.0,0.0,0.0,0.0,7.22,7.22,0.0,0.0,82.0,0.0,7.22,0.0,20.706918777121217,0.011190308241091915,15.366637418045899,20.706918777121217,0.0,0.011190308241091915,13.0,82.0,0.0,0.0,0.0,7.22,0.0,17.2,0.0,0.011466647419150404,11.5,17.2,0.0,0.011466647419150404,4.5,0.0,0.0,0.0,0.0,0.0 
 07/02  04:00:00,17.2,15.366637418045899,15.366637418045899,15.366637418045899,15.366637418045899,15.366637418045899,15.366637418045899,20.497699124032295,0.0,0.0,20.428759169694057,15.840000000000002,0.0,20.460957919808013,6.840000000000001,0.0,20.43234117469223,15.840000000000002,0.0,20.4631900370542,6.840000000000001,0.0,20.79446419490916,29.640000000000004,0.0,0.0,0.0,0.0,0.0,-0.2674287905152219,-0.26018241265754094,-0.2667245590027959,-0.2597126535344673,-0.1909737518009757,0.0,0.0,0.0,0.0,0.0,0.0,0.0,0.0,0.0,0.0,0.0,0.0,0.0,0.0,0.0,7.22,7.22,0.0,0.0,82.0,0.0,7.22,0.0,20.536074517468876,0.011190308241091917,15.366637418045899,20.536074517468876,0.0,0.011190308241091917,13.0,82.0,0.0,0.0,0.0,7.22,0.0,17.2,0.0,0.011322488855089867,11.5,17.2,0.0,0.011322488855089867,4.5,0.0,0.0,0.0,0.0,0.0 
 07/02  05:00:00,17.2,15.376485042613144,15.376485042613144,15.376485042613144,15.376485042613144,15.376485042613144,15.376485042613144,20.371807687145058,0.0,0.0,20.41091129126471,15.840000000000002,0.0,20.48177034203333,6.840000000000001,0.0,20.47459523744965,15.840000000000002,0.0,20.455395178536136,6.840000000000001,0.0,20.740783694939452,29.640000000000004,0.0,0.0,0.0,0.0,0.0,-0.2701981353479629,-0.25288178435601627,-0.2530710001927597,-0.25983569495075237,-0.20101858924117466,0.0,0.0,0.0,0.0,0.0,0.0,0.0,0.0,0.0,0.0,0.0,0.0,0.0,0.0,0.0,7.22,7.22,0.0,0.0,82.0,0.0,7.22,0.0,20.396306028117696,0.011190308241091915,15.376485042613144,20.396306028117696,0.0,0.011190308241091915,13.0,82.0,0.0,0.0,0.0,7.22,0.0,17.2,0.0,0.011315201595684141,11.5,17.2,0.0,0.011315201595684141,4.5,0.0,0.0,0.0,0.0,0.0 
 07/02  06:00:00,17.575,15.382391710426102,15.382391710426102,15.382391710426102,15.382391710426102,15.382391710426102,15.382391710426102,20.330892247606936,0.0,0.0,20.50764628365838,15.840000000000002,0.0,20.745233999624546,6.840000000000001,0.0,20.775376619322586,15.840000000000002,0.0,20.618671655737458,6.840000000000001,0.0,20.728638652145186,29.640000000000004,0.0,0.0,0.0,0.0,0.0,-0.2463383408283275,-0.1916457923721933,-0.18427360033391854,-0.22010129239842316,-0.20267366178704677,0.0,0.0,0.0,0.0,0.0,0.0,0.0,0.0,0.0,0.0,0.0,0.0,0.0,0.0,0.0,7.22,7.22,0.0,0.0,82.0,0.0,7.22,0.0,20.33235414555827,0.011190308241091915,15.382391710426102,20.33235414555827,0.0,0.011190308241091915,13.0,82.0,0.0,0.0,0.0,7.22,0.0,17.575,0.0,0.011340810531617299,11.5,17.575,0.0,0.011340810531617299,4.5,0.0,0.0,0.0,0.0,0.0 
 07/02  07:00:00,17.8,14.841703558563669,14.218009154408794,13.544158089205222,14.26618832299955,13.437564136896318,14.692469117675849,20.612313921156243,388.0470012764416,0.0,21.500585334966097,507.70923270114184,8.688229371393952,21.500216925128804,69.15551251620579,30.158140452069205,21.50032495359764,151.0817440566405,73.65250252765982,21.498036290649825,122.95009539060432,8.215514113819317,21.48740189340585,704.2151683861205,0.0,0.0,3162.802552781306,4681.321907873815,0.0,-0.12561664389272068,-0.0959350841573656,-0.07867618925293812,-0.12101181461436601,-0.11653733253523833,1175.8592474525053,612.6542181641031,719.2547942876954,747.600547544657,1370.812535859907,0.0,0.0,4153.796011413453,2007.4926871411924,432.7519764438514,363.5716189766303,3162.802552781306,3953.503190976633,1268.7658936254666,4681.321907873815,8.206892200835593,7.219999999999999,1.131144273351891,5950.087801499281,56.61956638798166,0.037738744598957895,8.206892200835593,1.131144273351891,12.966078569720779,0.008994886291267325,12.088045136048718,13.000046365590618,0.3705044250126874,0.008920886960107021,13.0,82.0,0.0,0.0,0.020525407346929102,7.22,0.3998835955682316,11.499573100538388,0.31057230924622753,0.008609743500446496,11.5,17.8,0.31057230924622753,0.011349605426667509,4.5,0.06589094223630573,0.055566744508014784,0.06237929504352819,0.06131696690110289,0.0654183605572759 
 07/02  08:00:00,18.1125,13.222034293523686,12.745797758824006,12.086530713580308,12.81479360972057,12.028124672069488,13.568726843490703,20.96838106697357,276.99766010305666,0.0,21.50124828773034,90.69773893937526,0.0,21.50095479444441,0.0,165.9921408621463,21.500477464954315,0.0,281.29295427086527,21.50021258680062,0.0,74.56421884230627,21.501146619284317,389.38952905873055,0.0,0.0,2986.834247534958,4647.314096594661,0.0,-0.11880345246190652,-0.06717976547084605,-0.058828328276648585,-0.09745170890603536,-0.12270301346819834,772.8901692516956,409.4912043425576,365.00569735409545,560.3556198012599,1065.9077699940642,0.0,0.0,4046.2950310996766,2105.831467764825,383.66411352581656,383.66411352581656,2986.834247534958,3733.5428094186977,1263.1547332833889,4647.314096594661,8.29831387521832,7.22,1.0291063047490194,5910.46882987805,45.03759705137741,0.019390197903198295,8.29831387521832,1.0291063047490197,13.02037292120162,0.008806384589266966,11.777138371491182,13.001114084537132,0.3705044250126874,0.008806384589266966,13.0,82.0,0.0,0.0,0.018643297509103207,7.22,0.3881246288685261,11.500003280553978,0.31057230924622753,0.008588278761437336,11.5,18.1125,0.31057230924622753,0.011065375307433825,4.5,0.06589094223630573,0.055566744508014784,0.06237929504352819,0.06131696690110289,0.06541836055727591 
 07/02  09:00:00,18.9875,12.903219897228905,13.343698677361813,12.783219835113632,13.43390896795357,12.690336935518754,14.18939079467343,22.149267601071536,1423.2089517926293,0.0,22.465440204141828,0.0,760.8938881898721,22.35094555877793,0.0,633.5088009244124,23.059750503468663,0.0,830.3338753658315,21.903282642347932,0.0,665.5253825661038,22.73052731596438,0.0,777.380144988728,0.0,0.0,4966.617160769067,0.0,0.10770892444518848,0.16234250467986322,0.25419859537840667,0.0690388649240651,0.11717268254107108,0.0,0.0,0.0,0.0,0.0,0.0,0.0,4236.945756911658,2383.71505675715,509.02045869235053,509.02045869235064,0.0,0.0,1328.3468560838014,4966.617160769067,8.38722138018074,7.219999999999999,1.0146484088367909,6294.964016852869,43.46969831277662,0.0,8.38722138018074,1.0146484088367909,13.335730751987462,0.008712075039400243,11.626222694937908,13.001159891883734,0.37652606932663096,0.008712075039400243,13.0,82.0,0.0,0.0,0.02473918505369501,7.219999999999999,0.4058547641058908,11.500552867204556,0.31057230924622753,0.00855861497317894,11.5,18.9875,0.31057230924622753,0.0109243535495395,4.5,0.06488486729902027,0.054718307574216384,0.06616890197164234,0.06038073103110539,0.06441950137024315 
 07/02  10:00:00,19.775,14.114920720490002,14.67645015321871,13.739408733144113,14.131612149102546,13.515603327946883,15.67429116780583,23.464987505691134,1486.1148142821778,0.0,23.926376549648865,0.0,906.4202764869956,23.75742948666089,0.0,730.4217177611818,23.721287521182237,0.0,1616.9020502217447,23.147819911140388,0.0,760.1671828615504,24.110400177012824,0.0,1067.4473314912645,0.0,0.0,6316.684389168671,0.0,0.4122758467083223,0.4624066780435452,0.4535791245477403,0.334463890391002,0.4031856416923253,0.0,0.0,0.0,0.0,0.0,0.0,0.0,4357.004991348118,2634.099662512935,1705.2970056480121,1510.9933402994402,0.0,0.0,1596.5532729100296,6316.684389168671,8.522699886482972,7.22,1.160384291289218,7913.237662078701,43.46969831277662,0.0,8.522699886482972,1.160384291289218,15.303737423698756,0.009054528014971157,12.207581785939249,12.988616387216233,0.46198969099088577,0.008893044608049794,13.0,82.0,0.0,0.0,0.07569461138669198,7.220000000000001,0.41657920925137676,11.498666349254213,0.31057230924622753,0.008530120231237896,11.5,19.775,0.31057230924622753,0.010729495210792458,4.5,0.054539505664689146,0.04487990596930152,0.09927678319371548,0.049524220524514356,0.062351893894007034 
 07/02  11:00:00,20.6875,14.66262480392137,15.263498962683204,14.141144256165205,13.918446049868463,13.838774055173666,17.043607335884214,24.646143215347163,1269.4861179090603,0.0,24.497344574080994,0.0,1194.9611677912228,24.61829413258961,0.0,789.4792298484929,23.798338881277825,0.0,1909.8691635716318,23.817990314585604,0.0,810.9469960249079,25.05380683499155,0.0,1017.4419712410488,0.0,0.0,7560.47109286034,0.0,0.5753202321849243,0.6671321971506425,0.5066035143988125,0.4917440322358742,0.6207078653411366,0.0,0.0,0.0,0.0,0.0,0.0,0.0,4690.654957314433,2923.9908491701312,2615.085106980566,2099.1592187421147,0.0,0.0,1853.8656140338135,7560.47109286034,8.606721798494616,7.22,1.298622901829336,9414.336706894153,43.46969831277662,0.0,8.606721798494616,1.298622901829336,16.32223521964028,0.00928966382997707,12.591953971660804,12.983875878548407,0.49521236974563587,0.008880509791102276,13.0,82.0,0.0,0.0,0.11458858078701913,7.220000000000001,0.4487382667183629,11.50107241684071,0.31057230924622753,0.008514430045771418,11.5,20.6875,0.31057230924622753,0.010769661319921244,4.5,0.06332985053068181,0.04164702602370647,0.10827556125463422,0.045956791941565815,0.05136307949563919 
 07/02  12:00:00,22.1625,14.760868354427304,14.69091487217331,14.016038662863545,13.557820668976538,13.70216472600802,17.45209383400931,25.535518398110337,789.2776698473172,0.0,24.497969832538104,0.0,1423.5253329224602,24.988173164249424,0.0,835.9793791177876,23.798401591229393,0.0,1959.995063951243,24.043446022774493,0.0,827.1345175568891,25.198315262746526,0.0,1151.168541134802,0.0,0.0,9100.757987807567,0.0,0.6119241687906731,0.7648872149411998,0.5229648775092548,0.5537132946778784,0.6820552558463748,0.0,0.0,0.0,0.0,0.0,0.0,0.0,5324.670462984775,3394.555176226738,3468.264481579862,2725.8513339735546,0.0,0.0,2188.332257386151,9100.757987807567,8.743386685609678,7.22,1.4236932138300453,11289.090245193718,43.46969831277662,0.0,8.743386685609678,1.4236932138300453,17.25185698058656,0.009426515117567409,12.812073046999979,12.99368690436317,0.5309744823656306,0.008873907461900758,13.0,82.0,0.0,0.0,0.15125953721750596,7.22,0.5112341010019137,11.50127518233516,0.31057230924622753,0.00849276645627532,11.5,22.1625,0.31057230924622753,0.010956650615808236,4.5,0.0705781937286842,0.03983959723432448,0.10373899823730649,0.042829823039146765,0.05358569700676557 
 07/02  13:00:00,23.487499999999997,14.322651367395043,13.875331075797515,13.340221353650595,13.150585535425517,13.101543178596284,16.87739300180794,26.33128860794838,399.22622568756117,0.0,24.759130415218188,0.0,1151.5762274833085,24.730012588563554,0.0,794.5218451339086,24.367911019291505,0.0,1355.145746692,23.97739287110401,0.0,820.1664557915348,25.10215452080829,0.0,969.576975552475,0.0,0.0,8000.330828013786,0.0,0.6453819963240103,0.7045220042538181,0.5918346413304496,0.5517397962160603,0.6585156254837758,0.0,0.0,0.0,0.0,0.0,0.0,0.0,5798.163859278317,3817.010633934933,1777.7192327874232,1537.7112534219982,0.0,0.0,1973.4938647916906,8000.330828013786,8.487004891847992,7.219999999999999,1.5077688965298672,9973.824692805478,43.46969831277662,0.0,8.487004891847992,1.5077688965298672,15.404886681605296,0.009019789935974245,12.145507063005505,13.014655397314781,0.4326653506282796,0.008827607163709573,13.0,82.0,0.0,0.0,0.07844592281639122,7.219999999999999,0.5575014790793775,11.500341792426255,0.31057230924622753,0.008468921447949654,11.5,23.487499999999997,0.31057230924622753,0.010997959704616846,4.5,0.06864783692315991,0.048586522572457616,0.08252294874949555,0.053614409532042384,0.057200591469072054 
 07/02  14:00:00,23.9,14.190727922053227,14.3631207544011,13.40717592545167,14.035328792253619,13.19818907533322,16.85053939697246,27.441779938189875,479.2328082723925,0.0,25.719882874673893,0.0,1024.6142915044206,24.85440327632517,0.0,804.4900259798442,25.759426936906994,0.0,1108.228990668672,24.599418542521594,0.0,868.4512833833921,25.555674465296285,0.0,1007.6070654090229,0.0,0.0,7389.208479541727,0.0,0.8108454064567038,0.7159579694493527,0.8245763611046133,0.6849167849580263,0.7316207571985385,0.0,0.0,0.0,0.0,0.0,0.0,0.0,6115.017177540647,3950.0734945379368,933.0363882684319,933.0363882684319,0.0,0.0,1849.654726002147,7389.208479541727,8.359399758379201,7.22,1.5463617289483356,9238.863205543874,43.46969831277662,0.0,8.359399758379201,1.5463617289483356,14.411563945508114,0.008803658808471542,11.78796077997092,12.990479723446663,0.3809703804568251,0.008803658808471542,13.0,82.0,0.0,0.0,0.04305884162489465,7.219999999999999,0.5904219689240443,11.500262691356511,0.31057230924622753,0.0084699352949945,11.5,23.9,0.31057230924622753,0.01123359115336205,4.5,0.06410291732417861,0.054058878326502066,0.06901480175783237,0.05965306196008603,0.0636431596811459 
 07/02  15:00:00,23.9,14.941034304668557,15.43202314275838,14.061574798800073,14.989815684664489,13.88811308492079,17.74952363575391,28.397056548373293,331.80215930662234,0.0,25.996572509263046,0.0,1158.676758986366,25.04713130419602,0.0,818.7320321415858,25.79805438631204,0.0,1379.8209876272804,25.411120612933185,0.0,930.5076514946654,25.99499410992703,0.0,1044.6460691713733,0.0,0.0,7984.65348818444,0.0,0.9080288378825108,0.7731336213290059,0.8918477071834375,0.8920731034579734,0.8434632403387203,0.0,0.0,0.0,0.0,0.0,0.0,0.0,6041.676537884774,3949.4612994060103,1608.4162516158158,1450.9554464103794,0.0,0.0,1974.049755708217,7984.65348818444,8.457975607095117,7.22,1.538368101559488,9958.703243892656,43.46969831277662,0.0,8.457975607095117,1.538368101559488,15.53654884019581,0.009005772293260668,12.126948790505727,12.986743576856625,0.40932235064913525,0.008854839377329572,13.0,82.0,0.0,0.0,0.07148158438647052,7.22,0.5824283415351971,11.500015908616618,0.31057230924622753,0.008466280674055126,11.5,23.9,0.31057230924622753,0.011137095622804086,4.5,0.06584607270563494,0.05031062252031902,0.07969902683044647,0.055516924793161615,0.05923036292724539 
 07/02  16:00:00,23.2125,15.610059558769471,15.936024336854043,14.293506278341338,15.464979067934216,14.202257688720557,18.57961916911731,29.044799480121288,216.89580347963556,0.0,26.056243637432562,0.0,1098.475523480749,24.96430850413259,0.0,810.7219118066457,25.96022307336298,0.0,1155.640661253245,26.08820141030184,0.0,978.6720507986096,26.143530987817122,0.0,1054.8091558130502,0.0,0.0,7548.9646580519375,0.0,0.9396325771473597,0.7653996999650119,0.9221811801083389,1.0765996337677797,0.9066882551081614,0.0,0.0,0.0,0.0,0.0,0.0,0.0,5883.038400707648,3731.451056539826,1295.2337113475667,1135.1410690764203,0.0,0.0,1875.8133646517656,7548.9646580519375,8.401297252191645,7.22,1.5238997256178433,9424.778022703704,43.46969831277662,0.0,8.401297252191645,1.5238997256178435,14.911565730428611,0.009018313878675474,12.147742054250584,13.022555551426644,0.3867799022370174,0.008857321228132448,13.0,82.0,0.0,0.0,0.058033773546541156,7.219999999999999,0.5679599655935521,11.498876187558892,0.31057230924622753,0.008481668173973483,11.5,23.2125,0.31057230924622753,0.011228276787522223,4.5,0.06595381788754481,0.05332315361474807,0.06975249322239392,0.05884120212920396,0.06277699584717358 
 07/02  17:00:00,22.8,16.048898611175762,16.30602791860543,14.280286281244136,16.231866136496905,14.346671094269887,19.04814782704119,29.41052512622739,167.2452889920737,0.0,25.93194557346274,0.0,1044.0499066522234,24.617794333772494,0.0,788.993313508377,26.003176306134655,0.0,993.620142672545,26.66920768750624,0.0,1024.3553356893626,25.97228614124207,0.0,1044.0510152703396,0.0,0.0,7236.840714632348,0.0,0.9328469823115451,0.7028080103335991,0.9410913731918378,1.2434848996094154,0.9080166489766763,0.0,0.0,0.0,0.0,0.0,0.0,0.0,5842.499283844123,3600.542982914179,1048.9061919590297,907.7065820140141,0.0,0.0,1806.7752411970475,7236.840714632348,8.35472466274096,7.22,1.5209055216344887,9043.615955829395,43.46969831277662,0.0,8.35472466274096,1.5209055216344889,14.403417335396686,0.008995028398898954,12.109423690524466,12.999890284860687,0.3705044250126874,0.008843993050558052,13.0,82.0,0.0,0.0,0.04785453391418109,7.22,0.5649657616101977,11.500001481974,0.31057230924622753,0.008494778282513575,11.5,22.8,0.31057230924622753,0.011356745042179046,4.5,0.06589094223630573,0.055566744508014784,0.06237929504352819,0.06131696690110289,0.06541836055727591 
 07/02  18:00:00,22.1125,16.296680328538223,16.394695118420497,14.209907632732252,16.526976511180695,14.414961652350215,19.267649506711933,29.35553359242373,101.5880426594922,0.0,25.557446464201725,0.0,1013.7522165719932,24.23586010360654,0.0,762.7586379345444,25.65835858804909,0.0,967.5699146285953,26.525236180828465,0.0,1013.4213423938063,25.88184563775822,0.0,1036.9424687971014,0.0,0.0,7275.680457302702,0.0,0.8506546897629659,0.6116045508977496,0.8715022599278682,1.2051538075511463,0.9007402046943416,0.0,0.0,0.0,0.0,0.0,0.0,0.0,5826.156293618472,3383.1937587625966,1102.3819903507028,910.1288085740096,0.0,0.0,1808.1559655941096,7275.680457302702,8.360306240049757,7.22,1.5215863451031821,9083.836422896811,43.46969831277662,0.0,8.360306240049757,1.5215863451031821,14.409686651861865,0.009053240037702068,12.20596724714766,13.000007637342817,0.3705044250126874,0.008847594828032665,13.0,82.0,0.0,0.0,0.05016720013981877,7.22,0.5656465850788912,11.499961675786775,0.31057230924622753,0.00851865907052448,11.5,22.1125,0.31057230924622753,0.01163722023753375,4.5,0.06589094223630573,0.055566744508014784,0.06237929504352819,0.06131696690110289,0.06541836055727591 
 07/02  19:00:00,21.0125,16.08602241752319,15.569149316405689,13.565333039364615,15.852879882814854,13.557281034055782,18.41723342535092,28.230717181999086,0.0,610.5598521413755,24.23345363687065,0.0,946.6720173740875,23.083949307493462,0.0,681.3283143787085,24.42218207828579,0.0,869.3524109353552,25.14615952038751,0.0,1022.549367811928,24.55393467957881,0.0,1120.6467568499397,0.0,0.0,6862.711130535092,0.0,0.5894168171598174,0.3745676053951344,0.6230649743607799,0.9424622098548179,0.6710048527443714,0.0,0.0,0.0,0.0,0.0,0.0,0.0,4818.682071022891,3027.8466125175773,1687.129179142445,1319.9575583366907,0.0,0.0,1717.8197800861835,6862.711130535092,8.374657172731752,7.22,1.417539651910431,8580.530910621275,43.46969831277662,0.0,8.374657172731752,1.4175396519104315,14.960438917221708,0.00916590188648914,12.392568264208322,13.041452949530644,0.40074025423765647,0.00888075199547544,13.0,82.0,0.0,0.0,0.07772479838736301,7.22,0.46159989188614015,11.500320732968598,0.31057230924622753,0.00850305901631602,11.5,21.0125,0.31057230924622753,0.010789147434600061,4.5,0.06423566006133755,0.05276527009741988,0.05923435645908066,0.06343965972240673,0.07091304499714599 
 07/02  20:00:00,19.1625,14.882449752669656,14.117327250380217,12.66567309996797,14.469679297733352,12.501905600809707,16.60932665888374,26.71865722061048,0.0,1122.326955994584,22.69238760717796,0.0,780.3147752514757,21.67328288174903,0.0,587.7904899318386,22.803379083777152,0.0,747.534919902252,23.195394251004846,0.0,762.2972294472463,23.2303679467585,0.0,820.4640455569281,0.0,0.0,4116.081720449641,0.0,0.24409326169289478,0.06273584295673576,0.26973493281922534,0.4290480090598866,0.3701285380149151,0.0,0.0,0.0,0.0,0.0,0.0,0.0,3033.3240066215094,2432.362962852774,756.8256376955609,756.8256376955608,0.0,0.0,1166.9321572867207,4116.081720449641,8.008278535375876,7.219999999999999,1.2401912428158322,5283.013877736363,43.46969831277662,0.0,8.008278535375876,1.2401912428158322,14.005474105567393,0.008877910624709216,11.928577261885792,13.000101884421131,0.3705044250126874,0.008877910624709216,13.0,82.0,0.0,0.0,0.03484714122405316,7.219999999999999,0.2842514827915407,11.499887611243697,0.31057230924622753,0.008476980209556636,11.5,19.1625,0.31057230924622753,0.009244136206037796,4.5,0.06589094223630573,0.055566744508014784,0.06237929504352819,0.06131696690110289,0.0654183605572759 
 07/02  21:00:00,17.3,14.121880250506727,13.33787685723203,12.191527193556645,13.615683703268795,12.096331148252037,15.721864518244152,26.12914379054105,0.0,0.0,22.3662799628111,47.52,0.0,22.03252513622985,20.520000000000003,0.0,22.380584231249237,47.52,0.0,23.14722644221635,20.520000000000003,0.0,22.85251513560804,88.92000000000002,0.0,0.0,0.0,0.0,0.0,0.09141877639798564,0.005771600339400408,0.10059647009112826,0.23730119537085867,0.2335140211027693,0.0,0.0,0.0,0.0,0.0,0.0,0.0,0.0,0.0,0.0,0.0,0.0,0.0,0.0,0.0,7.893462871577422,7.893462871577422,0.0,0.0,43.46969831277662,0.0,7.893462871577422,0.0,26.20888332189495,0.010273765397632834,14.13701653693948,26.20888332189495,0.0,0.010273765397632834,13.0,82.0,0.0,0.0,0.0,7.22,0.0,17.3,0.0,0.008937900192337457,11.5,17.3,0.0,0.008937900192337457,4.5,0.0,0.0,0.0,0.0,0.0 
 07/02  22:00:00,16.325,14.181691147317224,13.396842597820445,12.230981512625208,13.679242793164518,12.132014315692606,15.78991107794636,25.210693306413642,0.0,0.0,21.852940148298295,27.720000000000002,0.0,21.780746305497583,11.970000000000002,0.0,21.84123897062027,27.720000000000002,0.0,22.491881238142284,11.970000000000002,0.0,22.442137538317432,51.87000000000001,0.0,0.0,0.0,0.0,0.0,-0.01843354526870968,-0.058372681408267915,-0.01393939089668698,0.08519193733532059,0.14528979248422777,0.0,0.0,0.0,0.0,0.0,0.0,0.0,0.0,0.0,0.0,0.0,0.0,0.0,0.0,0.0,7.893462871577422,7.893462871577422,0.0,0.0,43.46969831277662,0.0,7.893462871577422,0.0,25.480298143527683,0.010291973038947291,14.179571342089226,25.480298143527683,0.0,0.010291973038947291,13.0,82.0,0.0,0.0,0.0,7.22,0.0,16.325,0.0,0.009286884661794951,11.5,16.325,0.0,0.009286884661794951,4.5,0.0,0.0,0.0,0.0,0.0 
 07/02  23:00:00,15.4125,14.186458524490916,13.40157666098167,12.236126261356878,13.683880359513847,12.137245979373533,15.794549910436627,24.189494710221958,0.0,0.0,21.300991922149873,15.840000000000002,0.0,21.32357585687192,6.840000000000001,0.0,21.281456075222064,15.840000000000002,0.0,21.740774027205873,6.840000000000001,0.0,21.9643762384177,29.640000000000004,0.0,0.0,0.0,0.0,0.0,-0.12847553266532183,-0.15093655003499562,-0.12555308446113075,-0.0678633766284745,0.05420059942949744,0.0,0.0,0.0,0.0,0.0,0.0,0.0,0.0,0.0,0.0,0.0,0.0,0.0,0.0,0.0,7.893462871577422,7.893462871577422,0.0,0.0,43.46969831277662,0.0,7.893462871577422,0.0,24.4359578605339,0.01029275664670613,14.186549302344142,24.4359578605339,0.0,0.01029275664670613,13.0,82.0,0.0,0.0,0.0,7.22,0.0,15.4125,0.0,0.00921609395430357,11.5,15.4125,0.0,0.00921609395430357,4.5,0.0,0.0,0.0,0.0,0.0 
 07/02  24:00:00,14.624999999999998,14.19617579351832,13.411234987408227,12.245687494458675,13.693562268149144,12.146797986886172,15.804394718378866,23.273344486247147,0.0,0.0,20.875730301479447,15.840000000000002,0.0,20.93496665450298,6.840000000000001,0.0,20.858936405613782,15.840000000000002,0.0,21.174868887530394,6.840000000000001,0.0,21.630235796930762,29.640000000000004,0.0,0.0,0.0,0.0,0.0,-0.21474616566893084,-0.23021499220826636,-0.21181303862886197,-0.18337983370466798,-0.012578527449924402,0.0,0.0,0.0,0.0,0.0,0.0,0.0,0.0,0.0,0.0,0.0,0.0,0.0,0.0,0.0,7.893462871577422,7.893462871577422,0.0,0.0,43.46969831277662,0.0,7.893462871577422,0.0,23.491979748929946,0.010292706045739314,14.196172267414902,23.491979748929946,0.0,0.010292706045739314,13.0,82.0,0.0,0.0,0.0,7.22,0.0,14.624999999999998,0.0,0.00906946623739744,11.5,14.624999999999998,0.0,0.00906946623739744,4.5,0.0,0.0,0.0,0.0,0.0 
