Date/Time,Environment:Site Outdoor Air Drybulb Temperature [C](Hourly),PLENUM-1:Zone Mean Air Dewpoint Temperature [C](Hourly),SPACE1-1:Zone Mean Air Dewpoint Temperature [C](Hourly),SPACE2-1:Zone Mean Air Dewpoint Temperature [C](Hourly),SPACE3-1:Zone Mean Air Dewpoint Temperature [C](Hourly),SPACE4-1:Zone Mean Air Dewpoint Temperature [C](Hourly),SPACE5-1:Zone Mean Air Dewpoint Temperature [C](Hourly),PLENUM-1:Zone Air Temperature [C](Hourly),PLENUM-1:Zone Air System Sensible Heating Rate [W](Hourly),PLENUM-1:Zone Air System Sensible Cooling Rate [W](Hourly),SPACE1-1:Zone Air Temperature [C](Hourly),SPACE1-1:Zone Air System Sensible Heating Rate [W](Hourly),SPACE1-1:Zone Air System Sensible Cooling Rate [W](Hourly),SPACE2-1:Zone Air Temperature [C](Hourly),SPACE2-1:Zone Air System Sensible Heating Rate [W](Hourly),SPACE2-1:Zone Air System Sensible Cooling Rate [W](Hourly),SPACE3-1:Zone Air Temperature [C](Hourly),SPACE3-1:Zone Air System Sensible Heating Rate [W](Hourly),SPACE3-1:Zone Air System Sensible Cooling Rate [W](Hourly),SPACE4-1:Zone Air Temperature [C](Hourly),SPACE4-1:Zone Air System Sensible Heating Rate [W](Hourly),SPACE4-1:Zone Air System Sensible Cooling Rate [W](Hourly),SPACE5-1:Zone Air Temperature [C](Hourly),SPACE5-1:Zone Air System Sensible Heating Rate [W](Hourly),SPACE5-1:Zone Air System Sensible Cooling Rate [W](Hourly),HOT WATER LOOP:Plant Supply Side Cooling Demand Rate [W](Hourly),HOT WATER LOOP:Plant Supply Side Heating Demand Rate [W](Hourly),CHILLED WATER LOOP:Plant Supply Side Cooling Demand Rate [W](Hourly),CHILLED WATER LOOP:Plant Supply Side Heating Demand Rate [W](Hourly),SPACE1-1 PEOPLE 1:Zone Thermal Comfort Fanger Model PMV [](Hourly),SPACE2-1 PEOPLE 1:Zone Thermal Comfort Fanger Model PMV [](Hourly),SPACE3-1 PEOPLE 1:Zone Thermal Comfort Fanger Model PMV [](Hourly),SPACE4-1 PEOPLE 1:Zone Thermal Comfort Fanger Model PMV [](Hourly),SPACE5-1 PEOPLE 1:Zone Thermal Comfort Fanger Model PMV [](Hourly),SPACE1-1 ZONE COIL:Heating Coil Heating Rate [W](Hourly),SPACE2-1 ZONE COIL:Heating Coil Heating Rate [W](Hourly),SPACE3-1 ZONE COIL:Heating Coil Heating Rate [W](Hourly),SPACE4-1 ZONE COIL:Heating Coil Heating Rate [W](Hourly),SPACE5-1 ZONE COIL:Heating Coil Heating Rate [W](Hourly),OA HEATING COIL 1:Heating Coil Heating Rate [W](Hourly),MAIN HEATING COIL 1:Heating Coil Heating Rate [W](Hourly),OA COOLING COIL 1:Cooling Coil Total Cooling Rate [W](Hourly),OA COOLING COIL 1:Cooling Coil Sensible Cooling Rate [W](Hourly),MAIN COOLING COIL 1:Cooling Coil Total Cooling Rate [W](Hourly),MAIN COOLING COIL 1:Cooling Coil Sensible Cooling Rate [W](Hourly),CENTRAL BOILER:Boiler Heating Rate [W](Hourly),CENTRAL BOILER:Boiler NaturalGas Rate [W](Hourly),CENTRAL CHILLER:Chiller Electricity Rate [W](Hourly),CENTRAL CHILLER:Chiller Evaporator Cooling Rate [W](Hourly),CENTRAL CHILLER:Chiller Evaporator Inlet Temperature [C](Hourly),CENTRAL CHILLER:Chiller Evaporator Outlet Temperature [C](Hourly),CENTRAL CHILLER:Chiller Evaporator Mass Flow Rate [kg/s](Hourly),CENTRAL CHILLER:Chiller Condenser Heat Transfer Rate [W](Hourly),HW CIRC PUMP:Pump Outlet Temperature [C](Hourly),HW CIRC PUMP:Pump Mass Flow Rate [kg/s](Hourly),CW CIRC PUMP:Pump Outlet Temperature [C](Hourly),CW CIRC PUMP:Pump Mass Flow Rate [kg/s](Hourly),MIXED AIR NODE 1:System Node Temperature [C](Hourly),MIXED AIR NODE 1:System Node Humidity Ratio [kgWater/kgDryAir](Hourly),MIXED AIR NODE 1:System Node Dewpoint Temperature [C](Hourly),VAV SYS 1 OUTLET NODE:System Node Temperature [C](Hourly),VAV SYS 1 OUTLET NODE:System Node Mass Flow Rate [kg/s](Hourly),VAV SYS 1 OUTLET NODE:System Node Humidity Ratio [kgWater/kgDryAir](Hourly),VAV SYS 1 OUTLET NODE:System Node Setpoint Temperature [C](Hourly),OA HEATING COIL 1 WATER INLET NODE:System Node Temperature [C](Hourly),OA HEATING COIL 1 WATER INLET NODE:System Node Mass Flow Rate [kg/s](Hourly),MAIN HEATING COIL 1 WATER INLET NODE:System Node Mass Flow Rate [kg/s](Hourly),MAIN COOLING COIL 1 WATER INLET NODE:System Node Mass Flow Rate [kg/s](Hourly),OA COOLING COIL 1 WATER INLET NODE:System Node Temperature [C](Hourly),OA COOLING COIL 1 WATER INLET NODE:System Node Mass Flow Rate [kg/s](Hourly),OA MIXING BOX 1 INLET NODE:System Node Temperature [C](Hourly),OA MIXING BOX 1 INLET NODE:System Node Mass Flow Rate [kg/s](Hourly),OA MIXING BOX 1 INLET NODE:System Node Humidity Ratio [kgWater/kgDryAir](Hourly),OA MIXING BOX 1 INLET NODE:System Node Setpoint Temperature [C](Hourly),OA HEATING COIL 1 AIR OUTLET NODE:System Node Temperature [C](Hourly),OA HEATING COIL 1 AIR OUTLET NODE:System Node Mass Flow Rate [kg/s](Hourly),OA HEATING COIL 1 AIR OUTLET NODE:System Node Humidity Ratio [kgWater/kgDryAir](Hourly),OA HEATING COIL 1 AIR OUTLET NODE:System Node Setpoint Temperature [C](Hourly),SPACE1-1:Zone Mechanical Ventilation Mass Flow Rate [kg/s](Hourly),SPACE2-1:Zone Mechanical Ventilation Mass Flow Rate [kg/s](Hourly),SPACE3-1:Zone Mechanical Ventilation Mass Flow Rate [kg/s](Hourly),SPACE4-1:Zone Mechanical Ventilation Mass Flow Rate [kg/s](Hourly),SPACE5-1:Zone Mechanical Ventilation Mass Flow Rate [kg/s](Hourly) 
 01/15  01:00:00,-10.875,-6.647611371977949,-6.7187143791306,-6.720422379790939,-6.7184878420106555,-6.7203041883997585,-6.714754943717882,15.576442535864471,778.7695825861185,0.0,16.898058898248667,0.0,44.05161458693959,16.991678570529015,0.0,52.260619955596496,16.895824952232033,0.0,46.92919981016911,16.97787002193319,0.0,56.64965204937255,18.96113003977635,0.0,216.592014135059,0.0,3.1784015722245798,0.0,0.0,-1.374722959121255,-1.3454552362191332,-1.3747395792441228,-1.3478333635000546,-0.8994108811670665,10.4945356796823,0.0,4.542239520720478,0.0,0.0,0.0,0.0,0.0,0.0,0.0,0.0,3.1784015722245798,3.9730019652807247,0.0,0.0,7.22,7.22,0.0,0.0,69.84939975260373,0.00006186192896470426,7.22,0.0,15.203324615534616,0.0021663624654207963,-6.706226447010277,16.2102485685253,0.3705044250126874,0.0021663624654207963,16.0,81.98800798180554,0.0,0.0,0.0,7.22,0.0,-10.875,0.00621144618492455,0.0013447060680377239,11.5,-10.875,0.00621144618492455,0.0013447060680377239,4.5,0.0013178188447261145,0.0011113348901602958,0.0012475859008705638,0.0012263393380220577,0.0013083672111455183 
 01/15  02:00:00,-14.4,-6.829034202330245,-6.966716354798174,-6.93823570987042,-6.968923394233054,-6.933426338263421,-6.998288618051455,15.218723223420326,802.8755823140339,0.0,16.70009002868306,215.6048125285269,0.0,16.70714826715553,17.68236236530572,13.029585346608485,16.70006799014502,196.7608844086301,0.0,16.703387824021515,18.93377017707138,13.120838967413533,18.820478183061695,0.0,222.0726131955388,0.0,254.59744625497672,0.0,0.0,-1.4376311227098462,-1.417933006779034,-1.436091246442165,-1.4188632331536675,-0.9290760627801458,271.144779939474,51.960478046048905,249.3392370216997,57.73866160026071,0.0,0.0,64.31215798517417,0.0,0.0,0.0,0.0,254.59744625497672,318.24680781872087,0.0,0.0,7.22,7.22,0.0,0.0,64.91486476068539,0.0033660588098571604,7.22,0.0,14.820669850809587,0.002132412175334171,-6.870744481527259,15.999724483801847,0.3705044250126874,0.002132412175334171,16.0,81.98956489332048,0.0,0.0003419971566364744,0.0,7.22,0.0,-14.4,0.00621144618492455,0.0009729852389768747,11.5,-14.4,0.00621144618492455,0.0009729852389768747,4.5,0.0013178188447261145,0.0011113348901602958,0.0012475859008705638,0.0012263393380220577,0.0013083672111455183 
 01/15  03:00:00,-14.4,-7.090640930835891,-7.231812837908702,-7.188800142688566,-7.236008608280867,-7.183362906788332,-7.296681801423685,14.795580267932944,946.5006062348841,0.0,16.700074026842703,397.4347515836072,0.0,16.700458630428063,104.32312289652845,0.0,16.700367060770315,373.1669887145872,0.0,16.700159272975768,104.74250781051938,0.0,18.694697904876502,0.0,212.1460337303036,0.0,955.2789445279521,0.0,0.0,-1.4526601767406133,-1.4364004783068816,-1.450902974225166,-1.436510645260212,-0.9562866352103222,452.9682374933369,151.17684432342173,425.7632732058122,156.42254270590354,0.0,0.0,216.77203091527218,0.0,0.0,0.0,0.0,955.2789445279521,1194.09868065994,0.0,0.0,7.22,7.22,0.0,0.0,53.09445494513476,0.007751118431784802,7.22,0.0,14.412665697985608,0.002085255735956239,-7.127588680410476,15.999760056684611,0.3705044250126874,0.002085255735956239,16.0,81.9938532452857,0.0,0.0012939196814040397,0.0,7.22,0.0,-14.4,0.00621144618492455,0.0009893179501187614,11.5,-14.4,0.00621144618492455,0.0009893179501187614,4.5,0.0013178188447261145,0.0011113348901602958,0.0012475859008705638,0.0012263393380220577,0.0013083672111455183 
 01/15  04:00:00,-14.0875,-7.354471833366843,-7.4460551140217985,-7.405667088538172,-7.45071917246819,-7.401600979370968,-7.52537052932033,14.397419271439842,1090.4164529611705,0.0,16.700071245962878,360.80312481671996,0.0,16.699371556522358,98.8185461155428,0.0,16.69980602105876,337.37340910375383,0.0,16.700418142009656,99.59900505910304,0.0,18.695228733384823,0.0,212.1635600614399,0.0,1509.8345492175526,0.0,0.0,-1.4583896025422705,-1.444096782211449,-1.456989912131215,-1.4439628712052381,-0.9659648063645583,416.32457244593206,145.59067252479974,389.9164575063614,151.2883692232269,0.0,0.0,366.7033980608141,0.0,0.0,0.0,0.0,1509.8345492175526,1887.2931865219407,0.0,0.0,7.22,7.22,0.0,0.0,48.32481291286496,0.010728187741214642,7.22,0.0,14.01138616896382,0.0020378515628100423,-7.391205976000153,15.999825305039806,0.3705044250126874,0.0020378515628100423,16.0,81.997592423219,0.0,0.002363911855829466,0.0,7.22,0.0,-14.0875,0.00621144618492455,0.001018211771287306,11.5,-14.0875,0.00621144618492455,0.001018211771287306,4.5,0.0013178188447261145,0.0011113348901602958,0.0012475859008705638,0.0012263393380220577,0.0013083672111455183 
 01/15  05:00:00,-13.212500000000002,-7.496010565961473,-7.552146223746407,-7.548736812969267,-7.553975535958757,-7.549869682451242,-7.602992454361478,14.088253684931601,1210.0239065096448,0.0,16.699741004942155,399.6139943040709,0.0,16.700266135141973,121.39193333505631,0.0,16.699965153482452,377.8334888022837,0.0,16.70012267094745,121.31655063396494,0.0,18.684961015184776,0.0,211.34397409562246,0.0,1880.187140421744,0.0,0.0,-1.4601550329891766,-1.4467644106202087,-1.458775073390989,-1.4467899900131393,-0.9691845359777544,455.0921453495462,168.2150683489386,430.37207151564894,172.97474011822413,0.0,0.0,483.2626945118742,0.0,0.0,0.0,0.0,1880.187140421744,2350.23392552718,0.0,0.0,7.22,7.22,0.0,0.0,52.060721899458656,0.015085356608923519,7.22,0.0,13.699434256531886,0.0020085732537215347,-7.556649498605002,15.999900654166087,0.3705044250126874,0.0020085732537215347,16.0,81.99928707396144,0.0,0.003274000483511033,0.0,7.22,0.0,-13.212500000000002,0.00621144618492455,0.001111051525636922,11.5,-13.212500000000002,0.00621144618492455,0.001111051525636922,4.5,0.0013178188447261145,0.0011113348901602958,0.0012475859008705638,0.0012263393380220577,0.0013083672111455183 
 01/15  06:00:00,-12.425,-7.66697429644259,-7.769961032241879,-7.7511032922841405,-7.772082176559894,-7.748078022002197,-7.8210859714782455,13.859321437983292,1284.0706464156156,0.0,16.700209852742187,456.02625174290256,0.0,16.700620887878912,146.3504530920266,0.0,16.70024264402296,432.94957636663986,0.0,16.700409827833848,146.29595156561948,0.0,18.55511775346271,0.0,201.10807113823807,0.0,2082.7117675405693,0.0,0.0,-1.4617586880320705,-1.4483430700430764,-1.4603654000829727,-1.4483616195354845,-0.9919655987370057,511.54195089453754,193.19363725165482,485.50928625825577,197.97095850504815,0.0,0.0,569.7000960760262,0.0,0.0,0.0,0.0,2082.7117675405693,2603.3897094257113,0.0,0.0,7.22,7.22,0.0,0.0,55.83708700793513,0.0190554774449485,7.22,0.0,13.468057735271941,0.001984211783427054,-7.703432652224236,15.999951580335075,0.3705044250126874,0.001984211783427054,16.0,81.99986823030427,0.0,0.00399289518478268,0.0,7.22,0.0,-12.425,0.00621144618492455,0.0011001629899321317,11.5,-12.425,0.00621144618492455,0.0011001629899321317,4.5,0.0013178188447261145,0.0011113348901602958,0.0012475859008705638,0.0012263393380220577,0.0013083672111455183 
 01/15  07:00:00,-10.825,-7.884914734538256,-7.995092891225929,-7.960745893262836,-7.998575529498495,-7.956200084553512,-8.0612667549117,13.712118352390029,1333.4465225563708,0.0,16.69970843915544,444.028960019436,0.0,16.700304584618863,144.56639439760238,0.0,16.70018320818797,424.14693888721644,0.0,16.700093477212896,144.51306927293302,0.0,18.481887564670224,0.0,195.32610431930556,0.0,2064.089089295519,0.0,0.0,-1.4595904422161285,-1.4469033084347949,-1.4582968697571652,-1.446912603074843,-1.006468252879038,499.5009086013008,191.38253476810655,476.6986116805185,196.15810416187765,0.0,0.0,620.981304561895,0.0,0.0,0.0,0.0,2064.089089295519,2580.1113616193984,0.0,0.0,7.22,7.22,0.0,0.0,58.602749124962216,0.021092896284869347,7.22,0.0,13.330700897019096,0.0019502949196190966,-7.904570528571047,15.999999758052468,0.3705044250126874,0.0019502949196190966,16.0,81.9999821062593,0.0,0.004436727419875431,0.0,7.22,0.0,-10.825,0.00621144618492455,0.00120562004559206,11.5,-10.825,0.00621144618492455,0.00120562004559206,4.5,0.0013178188447261145,0.0011113348901602958,0.0012475859008705638,0.0012263393380220577,0.0013083672111455183 
 01/15  08:00:00,-8.9375,-8.095881283813483,-8.187136547366247,-8.145074177729068,-8.191600723895457,-8.140112833272285,-8.265761307620961,13.646573654377516,1352.869517024628,0.0,16.700173740736666,348.27288770381926,0.0,16.789880567593023,34.20758928681454,31.364682043266782,16.700308305038973,316.3658162335257,0.0,16.69988552016301,99.86352427051423,0.0,18.411653796946617,0.0,189.77731263038436,0.0,1756.5919426762014,0.0,0.0,-1.4507151410729784,-1.4006063847996697,-1.4484980971804045,-1.4385117508228515,-1.0195107313882372,403.7704675178074,55.636741501889574,368.91597128174243,151.48240026650245,0.0,0.0,642.0035129917529,0.0,0.0,0.0,0.0,1756.5919426762014,2195.739928345252,0.0,0.0,7.22,7.22,0.0,0.0,61.15817362190333,0.02008450873127369,7.22,0.0,13.274382907596042,0.0019180360143454102,-8.094725144585052,16.000106622936087,0.3705044250126874,0.0019180360143454102,16.0,81.99999786543897,0.0,0.004622650398935884,0.0,7.22,0.0,-8.9375,0.00621144618492455,0.0014363859802563907,11.5,-8.9375,0.00621144618492455,0.0014363859802563907,4.5,0.0013178188447261145,0.0011113348901602958,0.0012475859008705638,0.0012263393380220577,0.0013083672111455183 
 01/15  09:00:00,-6.924999999999999,-8.251764304434515,-8.294852970947712,-8.261848747576543,-8.298881800528719,-8.258670432994602,-8.368517795773883,13.723362973703011,1369.616933037004,0.0,16.705844852828847,93.96649415387014,14.35495266267688,17.679939896986113,0.0,112.30536584879175,16.700255884860916,75.99441812645108,10.817364800475588,16.70101128817437,11.849956977559032,18.39346333674291,18.384015711550127,0.0,187.6173169285427,0.0,1118.3039614197999,0.0,0.0,-1.4264969310263975,-1.1664138524808987,-1.4269007781004894,-1.419112846748908,-1.0227904764492552,135.57465684116784,0.0,117.73816907838138,45.17720182074534,0.0,0.0,613.1864270812107,0.0,0.0,0.0,0.0,1118.3039614197999,1397.8799517747495,0.0,0.0,7.22,7.22,0.0,0.0,65.5216853808662,0.01606351377340339,7.22,0.0,13.351103867144369,0.0018932669202343174,-8.242680194703546,15.99981825338867,0.3705044250126874,0.0018932669202343174,16.0,81.99999967774531,0.0,0.004369144222543792,0.0,7.22,0.0,-6.924999999999999,0.00621144618492455,0.001721951555160849,11.5,-6.924999999999999,0.00621144618492455,0.001721951555160849,4.5,0.0013178188447261145,0.0011113348901602958,0.0012475859008705638,0.0012263393380220577,0.0013083672111455183 
 01/15  10:00:00,-5.0375,-8.316210049385724,-8.32240848466025,-8.311629793812585,-8.324480115143409,-8.311253940683311,-8.36992023090005,14.03767533357955,1407.8403242850713,0.0,17.10312809018852,0.0,87.45381685257863,19.45544991554361,0.0,230.98600879471482,16.847780848798024,0.0,63.63244802324951,16.839426584501737,0.0,61.932828853558505,18.398240699958507,0.0,188.73994775573516,0.0,582.2296039737602,0.0,0.0,-1.3163946919288403,-0.7370097356987861,-1.378771046253656,-1.3749418490559409,-1.015091352197373,0.0,0.0,0.0,0.0,0.0,0.0,498.6984070911019,0.0,0.0,0.0,0.0,582.2296039737602,727.7870049672001,0.0,0.0,7.22,7.22,0.0,0.0,69.58603095440827,0.01113245090105023,7.22,0.0,13.657444227335432,0.0018811531479782351,-8.315676892410075,15.999766970421074,0.3705044250126874,0.0018811531479782351,16.0,81.99999992178294,0.0,0.0034037994868576665,0.0,7.22,0.0,-5.0375,0.00621144618492455,0.0018341833987260384,11.5,-5.0375,0.00621144618492455,0.0018341833987260384,4.5,0.0013178188447261145,0.0011113348901602958,0.0012475859008705638,0.0012263393380220577,0.0013083672111455183 
 01/15  11:00:00,-3.3999999999999995,-8.351877925373625,-8.351886847405837,-8.348251818261515,-8.35277930457551,-8.34803215200186,-8.378789988757099,14.630212968290145,1402.7605404699818,0.0,18.041477466086324,0.0,161.80547947128673,20.891926488215166,0.0,326.98199510020527,17.160663616317382,0.0,87.08883825498117,17.117749461528657,0.0,82.44055183112332,18.47222091495027,0.0,194.53944887110725,0.0,283.7525933679409,0.0,0.0,-1.0857112678991545,-0.4023295640020551,-1.3013075295645133,-1.304141176963203,-0.9934536711239985,0.0,0.0,0.0,0.0,0.0,0.0,295.1954653239057,0.0,0.0,0.0,0.0,283.7525933679409,354.6907417099261,0.0,0.0,7.22,7.22,0.0,0.0,70.19874593899458,0.005744047449029906,7.22,0.0,14.202425198671,0.001876946269646422,-8.34827039645987,16.000044189735227,0.3705044250126874,0.001876946269646422,16.0,81.99999996781582,0.0,0.0018447336127095908,0.0,7.22,0.0,-3.3999999999999995,0.00621144618492455,0.0018741627800699817,11.5,-3.3999999999999995,0.00621144618492455,0.0018741627800699817,4.5,0.0013178188447261145,0.0011113348901602958,0.0012475859008705638,0.0012263393380220577,0.0013083672111455183 
 01/15  12:00:00,-1.7374999999999998,-8.348057341777189,-8.311479076510588,-8.31620629179233,-8.311601642370324,-8.317621964444196,-8.31963026050999,15.389490138928272,1316.639582400399,0.0,19.250234542923515,0.0,249.55391460418406,21.34757915290454,0.0,350.6435695952626,17.53821475006022,0.0,107.78798264269804,17.472940312950215,0.0,101.13757375548346,18.680719837804272,0.0,202.9461670233651,0.0,38.68464763269146,0.0,0.0,-0.8090952549869326,-0.3101472582915949,-1.2129307559989313,-1.21895399150883,-0.9508378859902216,0.0,0.0,0.0,0.0,0.0,0.0,47.65988830948484,0.0,0.0,0.0,0.0,38.18285918988394,47.72857398735492,0.0,0.0,7.22,7.22,0.0,0.0,69.9518212003334,0.0007741807084421203,7.22,0.0,14.966733627443181,0.0018802757416967139,-8.33954927765836,16.101761193246027,0.3705044250126874,0.0018802757416967139,16.0,81.98994221818596,0.0,0.0002638689778834797,0.0,7.22,0.0,-1.7374999999999998,0.00621144618492455,0.0020432191658335307,11.5,-1.7374999999999998,0.00621144618492455,0.0020432191658335307,4.5,0.0013178188447261145,0.0011113348901602958,0.0012475859008705638,0.0012263393380220577,0.0013083672111455183 
 01/15  13:00:00,-0.03750000000000003,-8.241957364031785,-8.136518619423589,-8.162229753368367,-8.13557725302262,-8.167312682400732,-8.114408241176841,16.258091390905186,1173.882844244952,0.0,20.54436180065577,0.0,293.853423851329,21.003039754178687,0.0,278.46910943488524,17.954617743260073,0.0,83.85455184004738,17.94013541763909,0.0,81.3576220344516,18.941601460621158,0.0,165.61352822537626,0.0,0.0,0.0,0.0,-0.5150805890243008,-0.40636627720581286,-1.1174124108540644,-1.1127616924920727,-0.8946697626055584,0.0,0.0,0.0,0.0,0.0,0.0,0.0,0.0,0.0,0.0,0.0,0.0,0.0,0.0,0.0,7.22,7.22,0.0,0.0,69.88487812134072,0.0,7.22,0.0,15.829752957677194,0.0019003903945707162,-8.237146541004874,16.837170629121783,0.3705044250126874,0.0019003903945707162,16.0,81.98799685410745,0.0,0.0,0.0,7.22,0.0,-0.03750000000000003,0.00621144618492455,0.002276431383077735,11.5,-0.03750000000000003,0.00621144618492455,0.002276431383077735,4.5,0.0013178188447261145,0.0011113348901602958,0.0012475859008705638,0.0012263393380220577,0.0013083672111455183 
 01/15  14:00:00,1.2874999999999999,-7.991765925915529,-7.820087522847852,-7.8887051325992115,-7.816544667593708,-7.899416938460626,-7.745590024042986,17.012759811371133,984.0946659457268,0.0,21.525991111986208,0.0,312.32611642295393,20.224010616908345,0.0,176.34520986952862,18.228891717467114,0.0,48.23990834251322,18.318068808403602,0.0,53.99585428066882,19.156522932003806,0.0,123.60093857778963,0.0,0.0,0.0,0.0,-0.29810981295576344,-0.6005423115120119,-1.0590747380086207,-1.0339268092334322,-0.8474099974218339,0.0,0.0,0.0,0.0,0.0,0.0,0.0,0.0,0.0,0.0,0.0,0.0,0.0,0.0,0.0,7.22,7.22,0.0,0.0,69.88487812134072,0.0,7.22,0.0,16.57875410180701,0.0019386363312423904,-8.018983682070198,17.58610074883233,0.3705044250126874,0.0019386363312423904,16.0,81.98799685410745,0.0,0.0,0.0,7.22,0.0,1.2874999999999999,0.00621144618492455,0.0024286302817272155,11.5,1.2874999999999999,0.00621144618492455,0.0024286302817272155,4.5,0.0013178188447261145,0.0011113348901602958,0.0012475859008705638,0.0012263393380220577,0.0013083672111455183 
 01/15  15:00:00,2.3874999999999997,-7.683254297079094,-7.520608291793291,-7.601864966958764,-7.515390480790389,-7.612087646061887,-7.410393421295488,17.558595544814146,825.5403602232514,0.0,21.57643046690099,0.0,267.668497939721,19.66296960247058,0.0,97.79474119982211,18.432405606357086,0.0,17.427139463396657,18.67248015203476,0.0,34.841461708738905,19.40527698005194,0.0,94.85615916068167,0.0,0.0,0.0,0.0,-0.30787187843633257,-0.7426942175059098,-1.0231908809899701,-0.96353867469159,-0.7997790708277899,0.0,0.0,0.0,0.0,0.0,0.0,0.0,0.0,0.0,0.0,0.0,0.0,0.0,0.0,0.0,7.22,7.22,0.0,0.0,69.88487812134072,0.0,7.22,0.0,17.192968528801835,0.0019935119196284085,-7.707623295356953,18.200213286235247,0.3705044250126874,0.0019935119196284085,16.0,81.98799685410745,0.0,0.0,0.0,7.22,0.0,2.3874999999999997,0.00621144618492455,0.0025385543965797605,11.5,2.3874999999999997,0.00621144618492455,0.0025385543965797605,4.5,0.0013178188447261145,0.0011113348901602958,0.0012475859008705638,0.0012263393380220577,0.0013083672111455183 
 01/15  16:00:00,2.8,-7.3880381097650725,-7.250983931354467,-7.325870386384944,-7.245435727231196,-7.334218684607352,-7.129460970855397,17.869986731458418,716.2500872804471,0.0,21.353317760527524,0.0,220.88267195046853,19.30010637130823,0.0,48.98452737341967,18.493775413373147,6.180027189850364,0.6464225396242114,19.02108679400703,0.0,33.46709909447134,19.57255450917184,0.0,79.12106035203095,0.0,0.0,0.0,0.0,-0.3682147333497905,-0.8350798898945591,-1.0180168329281138,-0.8908644031358184,-0.7683037054678324,0.0,0.0,0.0,0.0,0.0,0.0,0.0,0.0,0.0,0.0,0.0,0.0,0.0,0.0,0.0,7.22,7.22,0.0,0.0,69.88487812134072,0.0,7.22,0.0,17.560347891196805,0.002047047313111887,-7.4087700707883855,18.567493267102694,0.3705044250126874,0.002047047313111887,16.0,81.98799685410745,0.0,0.0,0.0,7.22,0.0,2.8,0.00621144618492455,0.0025801146080790763,11.5,2.8,0.00621144618492455,0.0025801146080790763,4.5,0.0013178188447261145,0.0011113348901602958,0.0012475859008705638,0.0012263393380220577,0.0013083672111455183 
 01/15  17:00:00,1.4249999999999998,-7.134123320623689,-7.047189977335908,-7.100344450898014,-7.042494865355438,-7.105126185483057,-6.936338306002863,17.919719936817273,611.7595672957747,0.0,20.350832843778914,0.0,134.1363992350109,18.93961483229976,0.0,18.750768607145545,18.369640389865,21.73703059851431,0.0,18.959126935773263,0.0,22.130878044681566,19.66749120879694,0.0,79.38148517449753,0.0,0.0,0.0,0.0,-0.6140759372093609,-0.9224886705287481,-1.052384236857978,-0.9176163307530085,-0.7528777488045758,0.0,0.0,0.0,0.0,0.0,0.0,0.0,0.0,0.0,0.0,0.0,0.0,0.0,0.0,0.0,7.22,7.22,0.0,0.0,69.88487812134072,0.0,7.22,0.0,17.6521472011679,0.002096002609663976,-7.1305924233177205,18.659201715033806,0.3705044250126874,0.002096002609663976,16.0,81.98799685410745,0.0,0.0,0.0,7.22,0.0,1.4249999999999998,0.00621144618492455,0.002573912794532651,11.5,1.4249999999999998,0.00621144618492455,0.002573912794532651,4.5,0.0013178188447261145,0.0011113348901602958,0.0012475859008705638,0.0012263393380220577,0.0013083672111455183 
 01/15  18:00:00,0.225,-6.95428671457835,-6.90931232341209,-6.934474678952739,-6.906361583989326,-6.936030132932706,-6.826948094173676,17.72184382540771,538.8237401335177,0.0,19.273935145491528,0.0,61.86511935912847,18.60602057539094,0.0,7.506261013126277,18.20259882995888,21.858933039787928,0.0,18.60895602283419,0.0,8.499641829176198,19.682406112293656,0.0,93.5829710697567,0.0,0.0,0.0,0.0,-0.8557728926443716,-1.0002163597531464,-1.0920606411288778,-0.9989613753506247,-0.7562130720525778,0.0,0.0,0.0,0.0,0.0,0.0,0.0,0.0,0.0,0.0,0.0,0.0,0.0,0.0,0.0,7.22,7.22,0.0,0.0,69.88487812134072,0.0,7.22,0.0,17.4867782311314,0.002128288092656181,-6.943356290098747,18.493772831077628,0.3705044250126874,0.002128288092656181,16.0,81.98799685410745,0.0,0.0,0.0,7.22,0.0,0.225,0.00621144618492455,0.0025644096785020012,11.5,0.225,0.00621144618492455,0.0025644096785020012,4.5,0.0013178188447261145,0.0011113348901602958,0.0012475859008705638,0.0012263393380220577,0.0013083672111455183 
 01/15  19:00:00,-1.7499999999999998,-6.859494736040526,-6.837764550801516,-6.848208897714869,-6.8361224020370415,-6.848644041457008,-6.782018920309471,17.42352271738286,545.8103717833069,0.0,18.636235176166796,0.0,35.50355211129414,18.32288863234909,0.0,8.985650963607611,18.031181067761267,11.812213789293764,0.0,18.325679162326413,0.0,10.121438840373969,19.62804849258157,0.0,113.33804164930564,0.0,0.0,0.0,0.0,-0.9975598854222436,-1.0629323035271991,-1.130537078081483,-1.0619661550653396,-0.7696190268081724,0.0,0.0,0.0,0.0,0.0,0.0,0.0,0.0,0.0,0.0,0.0,0.0,0.0,0.0,0.0,7.22,7.22,0.0,0.0,69.88487812134072,0.0,7.22,0.0,17.181558768514535,0.0021447937592748607,-6.850189008716394,18.18852274088266,0.3705044250126874,0.0021447937592748607,16.0,81.98799685410745,0.0,0.0,0.0,7.22,0.0,-1.7499999999999998,0.00621144618492455,0.002444010965019852,11.5,-1.7499999999999998,0.00621144618492455,0.002444010965019852,4.5,0.0013178188447261145,0.0011113348901602958,0.0012475859008705638,0.0012263393380220577,0.0013083672111455183 
 01/15  20:00:00,-2.425,-6.807477724785343,-6.788866672640557,-6.793552323791303,-6.788003482586296,-6.793825532102665,-6.75274521804979,17.070496479117505,566.2274248118533,0.0,18.144801256175814,0.0,24.14235384575312,18.031923544864767,0.0,12.810774946223546,17.807961915339895,2.917171573765245,0.4846883909638109,18.03219521227366,0.0,14.156521069004725,19.491969535071938,0.0,130.0369817598052,0.0,0.0,0.0,0.0,-1.1008051373674466,-1.1220724052844862,-1.174688732099048,-1.1217144165316735,-0.794826153135564,0.0,0.0,0.0,0.0,0.0,0.0,0.0,0.0,0.0,0.0,0.0,0.0,0.0,0.0,0.0,7.22,7.22,0.0,0.0,69.88487812134072,0.0,7.22,0.0,16.833416904300286,0.0021545130144375456,-6.798191185025934,17.840362842737836,0.3705044250126874,0.0021545130144375456,16.0,81.98799685410745,0.0,0.0,0.0,7.22,0.0,-2.425,0.00621144618492455,0.0023816705235956068,11.5,-2.425,0.00621144618492455,0.0023816705235956068,4.5,0.0013178188447261145,0.0011113348901602958,0.0012475859008705638,0.0012263393380220577,0.0013083672111455183 
 01/15  21:00:00,-2.2,-6.755360367517987,-6.733482250533115,-6.739812068893764,-6.732714112762756,-6.740597286239984,-6.706491693879294,16.709299335937008,617.6807497196439,0.0,17.85047886540873,0.0,29.016267296922308,17.827056644485545,0.0,22.9033647417545,17.664123752020863,0.0,13.478991239917377,17.823915621501754,0.0,25.041670186131398,19.375641067471904,0.0,148.89188300826282,0.0,0.0,0.0,0.0,-1.1631794373717506,-1.1642925345468393,-1.2041631952312266,-1.1645864542589655,-0.8189019036700258,0.0,0.0,0.0,0.0,0.0,0.0,0.0,0.0,0.0,0.0,0.0,0.0,0.0,0.0,0.0,7.22,7.22,0.0,0.0,69.88487812134072,0.0,7.22,0.0,16.47765862441596,0.0021638652570153336,-6.748366192200769,17.48458721053934,0.3705044250126874,0.0021638652570153336,16.0,81.98799685410745,0.0,0.0,0.0,7.22,0.0,-2.2,0.00621144618492455,0.0023913129295951617,11.5,-2.2,0.00621144618492455,0.0023913129295951617,4.5,0.0013178188447261145,0.0011113348901602958,0.0012475859008705638,0.0012263393380220577,0.0013083672111455183 
 01/15  22:00:00,-3.95,-6.711179220019844,-6.697098945150767,-6.70145044441365,-6.696495428609918,-6.701838141828245,-6.676995180449634,16.39919327547271,676.6695409876636,0.0,17.616730781526883,0.0,38.05766246094646,17.640097905906842,0.0,33.657248510811826,17.518323405039876,0.0,28.64121904678916,17.633227388117223,0.0,36.63316491269751,19.299917079347345,0.0,170.31199834779972,0.0,0.0,0.0,0.0,-1.215018187895296,-1.2045767428288479,-1.237232875625584,-1.2055975435121746,-0.8354598017450092,0.0,0.0,0.0,0.0,0.0,0.0,0.0,0.0,0.0,0.0,0.0,0.0,0.0,0.0,0.0,7.22,7.22,0.0,0.0,69.88487812134072,0.0,7.22,0.0,16.12992158751966,0.0021721652533836164,-6.704302633257544,17.136834774156902,0.3705044250126874,0.0021721652533836164,16.0,81.98799685410745,0.0,0.0,0.0,7.22,0.0,-3.95,0.00621144618492455,0.0023517268544503795,11.5,-3.95,0.00621144618492455,0.0023517268544503795,4.5,0.0013178188447261145,0.0011113348901602958,0.0012475859008705638,0.0012263393380220577,0.0013083672111455183 
 01/15  23:00:00,-3.9375,-6.6817016624775505,-6.671993722602933,-6.674932377296202,-6.671563592909989,-6.675208194475235,-6.657519289819266,16.11019151635874,714.1897034934555,0.0,17.40177808856039,0.0,43.63491654643491,17.450349876838033,0.0,40.04630744007193,17.35208168119088,0.0,37.57829198469693,17.440938098658112,0.0,43.495836893676824,19.190966961009252,0.0,184.19641990987958,0.0,0.0,0.0,0.0,-1.2602399474187163,-1.2440636661035787,-1.2716678835894792,-1.245611776203677,-0.8560868146180013,0.0,0.0,0.0,0.0,0.0,0.0,0.0,0.0,0.0,0.0,0.0,0.0,0.0,0.0,0.0,7.22,7.22,0.0,0.0,69.88487812134072,0.0,7.22,0.0,15.84465583859354,0.0021771581167234835,-6.677873068881665,16.851559761903545,0.3705044250126874,0.0021771581167234835,16.0,81.98799685410745,0.0,0.0,0.0,7.22,0.0,-3.9375,0.00621144618492455,0.002289894043195775,11.5,-3.9375,0.00621144618492455,0.002289894043195775,4.5,0.0013178188447261145,0.0011113348901602958,0.0012475859008705638,0.0012263393380220577,0.0013083672111455183 
 01/15  24:00:00,-4.3625,-6.660849495263481,-6.655043103080222,-6.657714937538949,-6.654688101059654,-6.657995062286394,-6.644219990667923,15.8391517737719,764.3010314881976,0.0,17.245866597665596,0.0,53.524096179398725,17.296381109157608,0.0,48.515936788153,17.221989613116467,0.0,48.87889205988165,17.284372373016193,0.0,52.65026877383542,19.084062987300122,0.0,197.87411225593615,0.0,0.0,0.0,0.0,-1.293877949086021,-1.2765465152593847,-1.299383868363779,-1.2785700046876554,-0.8765122976638966,0.0,0.0,0.0,0.0,0.0,0.0,0.0,0.0,0.0,0.0,0.0,0.0,0.0,0.0,0.0,7.22,7.22,0.0,0.0,69.88487812134072,0.0,7.22,0.0,15.564056601897422,0.0021804912213950214,-6.660260523309418,16.570954341348635,0.3705044250126874,0.0021804912213950214,16.0,81.98799685410745,0.0,0.0,0.0,7.22,0.0,-4.3625,0.00621144618492455,0.002236300429855342,11.5,-4.3625,0.00621144618492455,0.002236300429855342,4.5,0.0013178188447261145,0.0011113348901602958,0.0012475859008705638,0.0012263393380220577,0.0013083672111455183 
 01/16  01:00:00,-5.375,-6.651707559854648,-6.654874844180366,-6.656367217794209,-6.6546401710336,-6.656454138474287,-6.647654102667563,15.577685001450917,771.946006953274,0.0,16.94641149075251,0.0,51.23940100584292,17.016860886935184,0.0,47.92247446633024,16.937001355036518,0.0,47.802107757362876,17.003889709530167,0.0,51.92436548715432,18.83287336829992,0.0,199.40610356453055,0.0,0.0,0.0,0.0,-1.3516795207934351,-1.3304141088142878,-1.3537186446564942,-1.332668162499493,-0.9175249732728397,0.0,0.0,0.0,0.0,0.0,0.0,0.0,0.0,0.0,0.0,0.0,0.0,0.0,0.0,0.0,7.22,7.22,0.0,0.0,69.88487812134072,0.0,7.22,0.0,15.293413111036376,0.0021813393954778115,-6.655782294057342,16.300309276894115,0.3705044250126874,0.0021813393954778115,16.0,81.98799685410745,0.0,0.0,0.0,7.22,0.0,-5.375,0.00621144618492455,0.0021435339056715503,11.5,-5.375,0.00621144618492455,0.0021435339056715503,4.5,0.0013178188447261145,0.0011113348901602958,0.0012475859008705638,0.0012263393380220577,0.0013083672111455183 
 01/16  02:00:00,-6.2875,-6.6635991709474265,-6.679498428215323,-6.677881608464965,-6.679551919628514,-6.677514510914803,-6.6777917489022744,15.30415748386042,785.3984758910931,0.0,16.73693567426247,12.973155985844471,34.22908365342897,16.795796371817744,0.0,50.329829418323015,16.735347831838805,12.329847127597134,32.12119793440752,16.781952819147975,0.0,54.516472354561756,18.65851355607198,0.0,205.9163253559487,0.0,18.086939588861853,0.0,0.0,-1.398925523685167,-1.378297803760823,-1.3990545537231736,-1.3807172746744891,-0.9515155124248611,33.7571444364952,0.0,32.17059710043591,0.0,0.0,0.0,10.482070668367465,0.0,0.0,0.0,0.0,18.086939588861853,22.608674486077312,0.0,0.0,7.22,7.22,0.0,0.0,69.63630854662541,0.0003363908131067592,7.22,0.0,15.00830155075829,0.002178456671989549,-6.671009601609324,16.04324522193277,0.3705044250126874,0.002178456671989549,16.0,81.9880663231159,0.0,0.00005030737147222986,0.0,7.22,0.0,-6.2875,0.00621144618492455,0.002037477136320949,11.5,-6.2875,0.00621144618492455,0.002037477136320949,4.5,0.0013178188447261145,0.0011113348901602958,0.0012475859008705638,0.0012263393380220577,0.0013083672111455183 
 01/16  03:00:00,-7.0125,-6.70068901930609,-6.727151590265935,-6.72111959525093,-6.727654131961643,-6.720217858919881,-6.733125108776576,15.050770506537294,839.0377516212891,0.0,16.699952410160535,101.22810842012274,0.0,16.700812009115218,1.3571832109464594,11.832750988363046,16.69999004820942,97.32829361087823,0.0,16.699688121931906,1.392861920619282,9.967185124962441,18.551058607565277,0.0,200.86756358804024,0.0,165.73450176020322,0.0,0.0,-1.4169135815162526,-1.4057968763418314,-1.4164134204529735,-1.4063014768027637,-0.9747370056610759,156.74765062040964,36.402186248007645,149.89177277621354,43.071550018984865,0.0,0.0,94.60850250961386,0.0,0.0,0.0,0.0,165.73450176020322,207.168127200254,0.0,0.0,7.22,7.22,0.0,0.0,64.97622890159124,0.002265018423585982,7.22,0.0,14.739848550846377,0.0021711515048981056,-6.709680575132993,15.999867926995728,0.3705044250126874,0.0021711515048981056,16.0,81.98948231894249,0.0,0.0005124101968842229,0.0,7.22,0.0,-7.0125,0.00621144618492455,0.001945135046385853,11.5,-7.0125,0.00621144618492455,0.001945135046385853,4.5,0.0013178188447261145,0.0011113348901602958,0.0012475859008705638,0.0012263393380220577,0.0013083672111455183 
 01/16  04:00:00,-6.199999999999999,-6.750236650712367,-6.7696865442816705,-6.761227284924832,-6.770520360616828,-6.760187909970915,-6.781664916353478,14.835536563094362,914.0045998273256,0.0,16.70008878548655,140.49892330762515,0.0,16.70020333136418,15.845693889522522,0.0,16.699987338291013,135.546864488656,0.0,16.699780083170705,16.37066587930059,0.0,18.486616300816557,0.0,195.78311649562067,0.0,414.96865730985064,0.0,0.0,-1.419780702354934,-1.4104331949780728,-1.4193276247194826,-1.4106069159355195,-0.9890496783711368,196.02199822353373,62.67627400301906,188.10327708553024,68.01618039783231,0.0,0.0,172.16457404315935,0.0,0.0,0.0,0.0,414.96865730985064,518.7108216373133,0.0,0.0,7.22,7.22,0.0,0.0,57.356806772493925,0.003987724849305834,7.22,0.0,14.532430983937175,0.002163445944233626,-6.750589820814891,15.999954998589473,0.3705044250126874,0.002163445944233626,16.0,81.99228091771876,0.0,0.000994058471709403,0.0,7.22,0.0,-6.199999999999999,0.00621144618492455,0.0020306270110798815,11.5,-6.199999999999999,0.00621144618492455,0.0020306270110798815,4.5,0.0013178188447261145,0.0011113348901602958,0.0012475859008705638,0.0012263393380220577,0.0013083672111455183 
 01/16  05:00:00,-5.225,-6.776879309030074,-6.781494110393682,-6.776426661905192,-6.782166148028215,-6.776067738495676,-6.792776010649997,14.667502582867794,971.7234114647358,0.0,16.70011697640936,136.22192685423613,0.0,16.70004868674113,19.100957660008532,0.0,16.69961075736451,132.6106948979267,0.0,16.69944891922158,19.09406294920126,0.0,18.4308742372814,0.0,191.39184322771052,0.0,669.9208375164679,0.0,0.0,-1.418806271630578,-1.4105020561780914,-1.4185356695889864,-1.410628123472495,-1.0003926532540337,191.74507749699956,65.919668728885,185.13678276034983,70.71345974634319,0.0,0.0,233.08642386592356,0.0,0.0,0.0,0.0,669.9208375164679,837.4010468955848,0.0,0.0,7.22,7.22,0.0,0.0,53.312864516454816,0.0055773030595666255,7.22,0.0,14.369447526276474,0.0021586313563755058,-6.776218673488057,15.999971048891119,0.3705044250126874,0.0021586313563755058,16.0,81.99521512464923,0.0,0.001399781814340934,0.0,7.22,0.0,-5.225,0.00621144618492455,0.002124630650132909,11.5,-5.225,0.00621144618492455,0.002124630650132909,4.5,0.0013178188447261145,0.0011113348901602958,0.0012475859008705638,0.0012263393380220577,0.0013083672111455183 
 01/16  06:00:00,-5.0,-6.7835318294442075,-6.780746190255638,-6.779261358120174,-6.7810681302295635,-6.779265426655309,-6.787820860559249,14.56384325734215,1007.9265117374059,0.0,16.69978467614944,133.80799040877548,0.0,16.699930077593233,18.57572927313231,0.0,16.700086033373477,130.79860309772454,0.0,16.6994563370778,18.56166036952112,0.0,18.401492818984924,0.0,189.07732179145972,0.0,818.2185651120501,0.0,0.0,-1.4185128945678405,-1.4103370848887984,-1.4181313679440497,-1.4104427900693886,-1.006725058629738,189.30330094855387,65.38533726588804,183.3589457383478,70.1803137255804,0.0,0.0,275.4739933794265,0.0,0.0,0.0,0.0,818.2185651120501,1022.7732063900626,0.0,0.0,7.22,7.22,0.0,0.0,53.14463632797009,0.006782793324116439,7.22,0.0,14.256060604715593,0.0021578227421263836,-6.780528144789468,15.999987781898799,0.3705044250126874,0.0021578227421263836,16.0,81.99742089728831,0.0,0.001694162812828907,0.0,7.22,0.0,-5.0,0.00621144618492455,0.0021850955448549725,11.5,-5.0,0.00621144618492455,0.0021850955448549725,4.5,0.0013178188447261145,0.0011113348901602958,0.0012475859008705638,0.0012263393380220577,0.0013083672111455183 
 01/16  07:00:00,-4.625,-6.715605581590598,-6.659359451776431,-6.596750872866544,-6.663895551405439,-6.586768212894513,-6.705893186152549,15.061093220016303,1955.9816015180377,0.0,20.180513967966213,3407.7447586953112,0.0,20.58165027322614,1694.8020968045612,0.0,20.09216483088496,3280.441567267524,0.0,20.59790835204715,1700.6268169993373,0.0,20.553125381197546,2867.3799162780642,0.0,0.0,21900.652813466102,0.0,0.0,-0.9402979705710036,-0.8766353442034276,-0.9511093871796388,-0.8743945015077775,-0.71983166173523,3740.8119262511123,2002.3746135889246,3589.13366920535,2041.2107472571915,3227.3939588127523,2859.490083675403,3283.4991237511003,0.0,0.0,0.0,0.0,21534.43628375769,26918.045354697108,0.0,0.0,7.219999999999999,7.219999999999999,0.0,0.0,70.85527055003526,0.4680745165785747,7.219999999999999,0.0,6.194658801201034,0.0022255241351549354,-6.424796955178681,15.984863653687208,0.3705044250126874,0.0022255241351549354,16.0,81.81768108097418,0.030742224922700363,0.06782898775185803,0.0,7.219999999999999,0.0,4.500059163399331,0.31057230924622753,0.0022367712353528716,11.5,4.500059163399331,0.31057230924622753,0.0022367712353528716,4.5,0.06589094223630573,0.055566744508014784,0.06237929504352819,0.06131696690110289,0.06541836055727591 
 01/16  08:00:00,-4.0875,-6.513563687606366,-6.394482889929586,-6.273463789093018,-6.405021714393093,-6.258200637982831,-6.51041740338654,15.925758963076843,2276.0895352451726,0.0,21.905720871500414,3253.454192740758,0.0,22.146328606927728,1338.569871978866,0.0,21.829664006487636,3161.5788208323343,0.0,22.14950132178866,1453.552895461049,0.0,21.82399591843382,2782.7270231828984,0.0,0.0,19968.094311586712,0.0,0.0,-0.6106347130435167,-0.5235156622363599,-0.6199248286224922,-0.5463133482683804,-0.4886168233008087,3722.3282886033403,1749.8240152941935,3599.775396201065,1907.5913621700192,3241.8415269167303,2691.366726667448,3242.0837932025115,0.0,0.0,0.0,0.0,19968.094311586712,24960.11788948339,0.0,0.0,7.22,7.22,0.0,0.0,71.01366926406418,0.434306872683133,7.22,0.0,6.322118296968066,0.0022944736517600543,-6.08029477743432,16.000308320812735,0.3705044250126874,0.0022944736517600543,16.0,82.0,0.027663070779272016,0.06446484645813733,0.0,7.22,0.0,4.499853520113518,0.31057230924622753,0.0023128233481351634,11.5,4.499853520113518,0.31057230924622753,0.0023128233481351634,4.5,0.06589094223630573,0.055566744508014784,0.06237929504352819,0.06131696690110289,0.06541836055727591 
 01/16  09:00:00,-2.15,-4.6243014085695595,-2.3813486299834477,-2.6485266675532646,-2.359235525922107,-2.7276027978025414,-2.301042160318394,17.162837933447797,3231.2816935247347,0.0,22.200478972112464,1288.4283722561222,0.0,22.200453498455154,139.52191117426784,30.02356094785472,22.20040995907855,1197.7667387148126,0.0,22.200421490190898,510.06802989206784,0.0,22.199655305094893,140.04143121030052,89.04757674627325,0.0,10289.915909580966,0.0,0.0,-0.41449580416054493,-0.29979436272790694,-0.40871259268372256,-0.390226752317102,-0.30596976557071964,1779.7375649961696,524.4846969070876,1662.9043508632192,967.720042265676,539.6081383291811,2085.0378119483903,3173.7439723972866,0.0,0.0,0.0,0.0,10289.915909580966,12862.394886976208,0.0,0.0,7.22,7.22,0.0,0.0,62.0875627557396,0.12440609281498849,7.22,0.0,6.509134914283747,0.0025623347085952505,-4.813194492938434,15.999866162140021,0.3705044250126874,0.0025623347085952505,16.0,82.0,0.019018667156129595,0.06076010153785462,0.0,7.22,0.0,4.499542637712083,0.31057230924622753,0.002585794561488615,11.5,4.499542637712083,0.31057230924622753,0.002585794561488615,4.5,0.06589094223630573,0.055566744508014784,0.06237929504352819,0.06131696690110289,0.06541836055727591 
 01/16  10:00:00,0.275,-0.250256796025518,1.4853479023347198,0.1775332881382664,1.600587823560012,-0.06235619756680613,2.5110637940090315,18.210051760451783,2962.7377870350156,0.0,22.201427939934174,120.11200754265457,25.069090041413347,22.3929763381375,0.0,424.32237598579667,22.200719556662698,94.28224150484084,39.34866903114357,22.201413767925754,30.21506118762335,31.626607894862502,22.83807422847722,0.0,540.567344643267,0.0,6083.727641083038,0.0,0.0,-0.28624035528742264,-0.12495128419168404,-0.28370009434360305,-0.28447688307179536,-0.11753488756638947,587.4340917325077,4.466971077706597,521.0975068866736,456.9484883715596,0.0,1325.4641138531933,3110.9813846188645,0.0,0.0,0.0,0.0,6083.727641083038,7604.659551353798,0.0,0.0,7.22,7.22,0.0,0.0,63.138759465402075,0.07684743332564253,7.22,0.0,6.685285795970969,0.003025153621508646,-2.859012358667412,16.000291047420177,0.3705044250126874,0.003025153621508646,16.0,81.80275712252056,0.010308877439008457,0.05757688639496635,0.0,7.22,0.0,4.499484180861486,0.31057230924622753,0.002925462044835825,11.5,4.499484180861486,0.31057230924622753,0.002925462044835825,4.5,0.06589094223630573,0.055566744508014784,0.06237929504352819,0.06131696690110289,0.06541836055727591 
 01/16  11:00:00,2.1624999999999996,2.2650248497265535,3.3299160134189485,1.6083051867066032,3.5010692392186864,1.2506835101218932,5.395937115459325,19.207557550197873,2731.0903044643683,0.0,22.20390995723502,0.0,311.9807709630257,22.456215537606468,0.0,433.4243796336877,22.217987735147872,0.0,377.6579724171337,22.20119218858279,0.0,209.63638656789777,23.49631654389701,0.0,593.7593156598956,0.0,4381.958689314803,0.0,0.0,-0.22330053461921334,-0.1051837600364162,-0.2130576560803663,-0.22703252181480357,0.04744355786476122,181.90215231762326,0.0,91.21605579512278,249.28947819113688,0.0,733.7036964392124,3053.2331161577695,0.0,0.0,0.0,0.0,4200.488146164546,5250.610182705683,0.0,0.0,7.22,7.22,0.0,0.0,65.28685876004708,0.06246177937905582,7.22,0.0,6.843896918550332,0.0033071290993188195,-1.7937121413637598,15.99989674708392,0.3705044250126874,0.0033071290993188195,16.0,78.52784875989067,0.004964083707582843,0.054826540775993304,0.0,7.22,0.0,4.5001528737818575,0.31057230924622753,0.003102983899475738,11.5,4.5001528737818575,0.31057230924622753,0.003102983899475738,4.5,0.06589094223630573,0.055566744508014784,0.06237929504352819,0.06131696690110289,0.06541836055727591 
 01/16  12:00:00,3.8000000000000003,3.6370718037812457,3.926407792466842,1.9540420894576203,4.140565602483221,1.5814855522693594,6.8364631791589385,20.079336906170735,2386.8991099002506,0.0,22.495600178514554,0.0,533.677167213822,22.702774128050294,0.0,463.4247639199181,22.37873626459483,0.0,496.4825929589406,22.200543633551824,0.0,305.558879942216,23.69832865506825,0.0,626.2993612302184,0.0,5319.8663643167,0.0,0.0,-0.11072594402123995,-0.020465643394649125,-0.14702205830332463,-0.18785424247714994,0.12060516651155924,0.0,0.0,0.0,168.25047563347206,0.0,219.89217996995566,2924.2914749498386,0.0,0.0,0.0,0.0,1584.8298823621428,1981.0373529526782,0.0,0.0,7.22,7.22,0.0,0.0,64.46106285266093,0.07186637978088985,7.22,0.0,6.993235456714924,0.003492370964619475,-1.1494495614283884,15.802017337287115,0.3705044250126874,0.003492370964619475,16.0,70.60103376947949,0.0013920823263172616,0.06945714814448142,0.0,7.22,0.0,4.500469455138362,0.31057230924622753,0.0032172790788337706,11.5,4.500469455138362,0.31057230924622753,0.0032172790788337706,4.5,0.06589094223630573,0.055566744508014784,0.06237929504352819,0.06131696690110289,0.06541836055727591 
 01/16  13:00:00,6.15,3.707770856448798,3.417453926829497,1.6360692868133642,3.5799745491604,1.319636210909099,6.48404343885153,20.86897633364986,1966.5064640525165,0.0,23.483662145543406,0.0,708.981624567564,22.81063595843557,0.0,487.9447399088502,22.24268846315887,0.0,502.69123425220124,22.19981958321833,0.0,255.11041879688617,23.47250170533147,0.0,628.8740074967227,0.0,8454.87575675759,0.0,0.0,0.1590807466728686,0.032387894235906954,-0.15213644503272855,-0.17377695851424502,0.09477410260393226,0.0,0.0,2.8896319540695057,237.77159076833078,0.0,0.0,2209.3599732124435,0.0,0.0,0.0,0.0,1137.1247975913177,1421.405996989147,0.0,0.0,7.22,7.22,0.0,0.0,54.041400759458014,0.07313519853250017,7.22,0.0,8.779317172866936,0.0038091786281659315,-0.11526715624087883,15.542662100551341,0.3799247117715684,0.0038091786281659315,16.0,58.388645162821554,0.0,0.0708770835178343,0.0,7.22,0.0,6.15,0.31057230924622753,0.003540319002090361,11.5,6.15,0.31057230924622753,0.003540319002090361,4.5,0.07153780679896656,0.05428435065735425,0.060939678145316326,0.05990186688055394,0.06390860676403644 
 01/16  14:00:00,8.575000000000001,3.669458993630469,3.523022558681548,3.112578449200456,4.312901728037492,2.8337916701646964,6.665066502326302,21.932947051822687,2050.8589113306043,0.0,23.899258137803702,0.0,1549.549579255633,22.996304226423206,0.0,471.10658097424607,22.75131666403291,0.0,510.81032110942255,22.203944094419185,0.0,443.6943821046672,23.84253486327082,0.0,768.3966740039268,0.0,2625.0611344269087,0.0,0.0,0.3396883987202669,0.053019685405757674,-0.05744078057660014,-0.1287972786797101,0.16188941454227615,0.0,0.0,0.0,17.341597716013993,0.0,0.0,802.5705896886232,0.0,0.0,0.0,0.0,357.7578973907552,447.19737173844396,0.0,0.0,7.22,7.22,0.0,0.0,44.348005392673585,0.017265321903066802,7.22,0.0,13.568816933302267,0.004302240469179006,1.5082651988251017,15.981569866121639,0.5029912050802389,0.004302240469179006,16.0,50.8984262566056,0.0,0.017109048289387026,0.0,7.22,0.0,8.575000000000001,0.31057230924622753,0.0039046293988447894,11.5,8.575000000000001,0.31057230924622753,0.0039046293988447894,4.5,0.11918482871286502,0.04105502987542255,0.04608842652731722,0.045303534160292154,0.05894048997033055 
 01/16  15:00:00,9.775,5.2209732321621765,4.981515900208743,5.146530222903054,6.401269810559472,4.803404970449377,7.561769644770479,22.804007628248744,1844.270616008696,0.0,23.899398366462524,0.0,1395.4356158934027,22.923437062681753,0.0,465.5574799787011,23.0992531539974,0.0,536.3794334457567,22.40823129347093,0.0,475.3776215459019,23.899259768709374,0.0,1139.8554961785321,0.0,155.29382565965173,0.0,0.0,0.33105818253734404,0.05725213136155969,0.04219385955699917,-0.05174850334899294,0.20723404095219689,0.0,0.0,0.0,0.0,0.0,0.0,79.96987379916013,0.0,0.0,0.0,0.0,155.29382565965173,194.11728207456463,0.0,0.0,7.22,7.22,0.0,0.0,40.826588450572046,0.0009046762350866003,7.22,0.0,15.095543375670657,0.004752368178003686,2.886541331041389,16.00153868936029,0.5299625243508839,0.004752368178003686,16.0,54.805126889633854,0.0,0.0009046762350866003,0.0,7.22,0.0,9.775,0.31057230924622753,0.004267716941340373,11.5,9.775,0.31057230924622753,0.004267716941340373,4.5,0.10194521806135574,0.03885854085309054,0.04362264527637213,0.042879745509842394,0.08326615954556674 
 01/16  16:00:00,10.0,6.737489256130454,6.627926149010952,6.32915197128143,7.930626497134169,6.031641526501371,8.370132275964115,23.283855553493922,1556.9751254527541,0.0,23.899293187103652,0.0,1013.3983914062846,22.666335662393198,0.0,447.77088541103825,23.060837831437553,0.0,533.1390097020426,22.478695047707085,0.0,480.05075930338216,23.899230211252988,0.0,1141.9316715744112,0.0,473.4711230966703,0.0,0.0,0.30296187775047095,0.018566019051423237,0.06108127313947542,-0.013261067595846126,0.22719900040417548,0.0,0.0,0.0,0.0,0.0,0.0,239.2727968436796,0.0,0.0,0.0,0.0,473.4711230966703,591.8389038708378,0.0,0.0,7.22,7.22,0.0,0.0,40.072851938088235,0.0027007478433768196,7.22,0.0,14.713694619483059,0.005080971963919614,3.8195843306945676,16.013423835341506,0.4827800147073309,0.005080971963919614,16.0,58.83331658359961,0.0,0.0027007478433768196,0.0,7.22,0.0,10.0,0.31057230924622753,0.0045204069901314155,11.5,10.0,0.31057230924622753,0.0045204069901314155,4.5,0.08133162045012177,0.04265173846679973,0.047880893536171545,0.04706547520461697,0.0916425815885175 
 01/16  17:00:00,8.9375,7.649497613064246,7.971960833072856,6.5592863752754145,8.563336938858734,6.297843782872593,9.216954509151154,23.41780692464745,1363.0189602598964,0.0,23.493166849382856,0.0,595.98063718358,22.2548764090612,0.0,374.630211756204,22.628698455957707,0.0,499.1115541041568,22.243069409721297,0.0,392.97089994191447,23.899353000752654,0.0,817.8600127111326,0.0,3489.1750225814485,0.0,0.0,0.18303198759831005,-0.06832164756392119,-0.007220305512333516,-0.06893241950371577,0.23938842447824388,0.0,43.984180747360966,0.0,67.96180656731701,0.0,0.0,1221.8554397542773,0.0,0.0,0.0,0.0,1234.23529943161,1542.7941242895124,0.0,0.0,7.22,7.22,0.0,0.0,43.42386211275043,0.02199351562173518,7.22,0.0,12.023069221592491,0.005000592625024923,3.6000417079117986,16.03356868395082,0.39466859035705487,0.005000592625024923,16.0,61.168960087650404,0.0,0.021065460541424753,0.0,7.22,0.0,8.9375,0.31057230924622753,0.0045755842007429125,11.5,8.9375,0.31057230924622753,0.0045755842007429125,4.5,0.061870274952873935,0.05217606008148239,0.058572908577759014,0.05757540373063885,0.08037766190347334 
 01/16  18:00:00,8.3,7.9650903656173595,8.335453365815665,6.374332212447262,8.481328699502988,6.138554951377494,10.111367999027749,23.29554138985072,1278.0717690226866,0.0,22.631472061926623,0.0,529.7520416402571,22.202021457479958,0.0,245.91192653254365,22.24871404758508,0.0,442.0341043717871,22.20159560885514,0.0,252.3870863506266,23.875490020334073,0.0,641.8427041317714,0.0,6001.942321606605,0.0,0.0,0.008996137202211261,-0.10902736099588863,-0.08205448647025551,-0.11124894261964766,0.24658543171501196,0.0,170.86393048411853,30.470504054398912,207.40126179909885,0.0,0.0,1587.5165016619421,0.0,0.0,0.0,0.0,2437.2239862157394,3046.5299827696736,0.0,0.0,7.22,7.22,0.0,0.0,46.95878460529251,0.040934805727017215,7.22,0.0,10.807986543221404,0.005003088281995207,3.612285915296747,16.008349166068804,0.3725198634901056,0.005003088281995207,16.0,57.28304977826626,0.0,0.03715605100537818,0.0,7.22,0.0,8.3,0.31057230924622753,0.004651438847647737,11.5,8.3,0.31057230924622753,0.004651438847647737,4.5,0.0655401471899167,0.05527091418512352,0.06204719556284338,0.06099052312114651,0.06672406040566412 
 01/16  19:00:00,8.3,7.721598828974474,7.378691287557951,5.601089616508059,7.4917661629081485,5.409401623181935,9.687578360258716,22.730236049244454,772.646712121074,0.0,22.20287325491499,168.74226082239218,21.452581018086335,22.20177222301549,91.0354673054045,0.0,22.201959409032614,287.15955644456005,0.0,22.202359493134196,88.38205208084102,0.0,22.873369795208493,0.0,546.7475917958434,0.0,4948.609813852202,0.0,0.0,-0.1273224597073368,-0.15903533892773036,-0.14439019182796584,-0.16115912449119596,0.07444595118243727,641.4207616563965,507.87110453074274,754.4152534174443,548.4264839979024,0.0,0.0,1629.8315378841169,0.0,0.0,0.0,0.0,4948.609813852202,6185.762267315252,0.0,0.0,7.22,7.22,0.0,0.0,49.192692856573814,0.036015342347968646,7.22,0.0,10.660831444429132,0.005033154438988696,3.6967080457058836,15.99984280335086,0.3705044250126874,0.005033154438988696,16.0,77.60125488094553,0.0,0.01935461441220701,0.0,7.22,0.0,8.3,0.31057230924622753,0.0047037034828974885,11.5,8.3,0.31057230924622753,0.0047037034828974885,4.5,0.06589094223630573,0.055566744508014784,0.06237929504352819,0.06131696690110289,0.06541836055727591 
 01/16  20:00:00,8.675,6.452427443668155,5.611626824349875,4.392390475858528,5.73596450723739,4.29060528397168,7.774428316650592,21.983637602083647,386.3869775772698,0.0,22.20175306772216,950.2422956587991,0.0,22.201039165294205,408.7930711476945,0.0,22.20152762330318,972.4700946483829,0.0,22.20072108718893,407.42588749195176,0.0,22.211223546539905,350.45289875100616,62.35714015698224,0.0,6970.8283089725,0.0,0.0,-0.20656701245755837,-0.21492779615232188,-0.2107218261835887,-0.2161229620971187,-0.10368088804192213,1443.325782540358,825.5521257320744,1439.0468533287433,867.3455424935912,778.9647918007693,0.0,1556.7488517995805,0.0,0.0,0.0,0.0,6970.8283089725,8713.535386215624,0.0,0.0,7.22,7.22,0.0,0.0,51.78582871926606,0.055234851470148824,7.22,0.0,10.855883441914582,0.0050944522548740595,3.8668585813046974,15.999833168766997,0.3705044250126874,0.0050944522548740595,16.0,81.91062656842992,0.0,0.015336404336480834,0.0,7.22,0.0,8.675,0.31057230924622753,0.004871009209564816,11.5,8.675,0.31057230924622753,0.004871009209564816,4.5,0.06589094223630573,0.055566744508014784,0.06237929504352819,0.06131696690110289,0.06541836055727591 
 01/16  21:00:00,8.525000000000002,5.295169311047949,4.963455313928353,4.7330206088476,5.01880002954689,4.756772966631489,6.2811299320790415,21.2832364478272,204.0027608666481,0.0,20.5662810407606,128.86521275400764,0.0,20.802898149916476,92.73436141527725,0.0,20.548600905904262,123.33811931523704,0.0,20.827934395443705,100.4736598895525,0.0,21.269258752033643,72.32563105638327,0.0,0.0,0.0,0.0,0.0,-0.45909389217514,-0.41883104224548723,-0.4624222612282052,-0.41520618052161884,-0.28163311484139314,0.0,0.0,0.0,0.0,0.0,0.0,0.0,0.0,0.0,0.0,0.0,0.0,0.0,0.0,0.0,7.219999999999999,7.219999999999999,0.0,0.0,52.479832823072925,0.0,7.219999999999999,0.0,21.180790976941353,0.005649461555441773,5.32220947580582,22.18129372605368,0.3705044250126874,0.005649461555441773,16.0,81.9982464478405,0.0,0.0,0.0,7.219999999999999,0.0,8.525000000000002,0.00621144618492455,0.004806707690927541,11.5,8.525000000000002,0.00621144618492455,0.004806707690927541,4.5,0.0013178188447261145,0.0011113348901602958,0.0012475859008705638,0.0012263393380220577,0.0013083672111455183 
 01/16  22:00:00,8.3,5.137515560751238,4.881750290312817,4.941652889053977,4.893745112167252,4.962425678381812,5.491160868183411,20.459564453496913,0.0,53.10326745971565,19.709353391541846,138.8377774332139,0.0,19.98195812545841,98.74307237868231,0.0,19.691419976575563,132.79493934976762,0.0,20.002359313173876,107.44838033828665,0.0,20.488572912281064,76.15757912590976,0.0,0.0,0.0,0.0,0.0,-0.6319431472842284,-0.5797724420548568,-0.634864691113268,-0.5764020068114645,-0.43985990202943703,0.0,0.0,0.0,0.0,0.0,0.0,0.0,0.0,0.0,0.0,0.0,0.0,0.0,0.0,0.0,7.22,7.22,0.0,0.0,52.479832823072925,0.0,7.22,0.0,20.448789068009265,0.005577873065939041,5.136375045008268,21.449422949045008,0.3705044250126874,0.005577873065939041,16.0,81.9982464478405,0.0,0.0,0.0,7.22,0.0,8.3,0.00621144618492455,0.0047084858353229194,11.5,8.3,0.00621144618492455,0.0047084858353229194,4.5,0.0013178188447261145,0.0011113348901602958,0.0012475859008705638,0.0012263393380220577,0.0013083672111455183 
 01/16  23:00:00,7.987500000000001,4.955231006233037,4.7965164588776075,4.882558500334638,4.7935751181644015,4.893592319155729,5.019306818076033,19.80868908558869,16.887403354503704,3.724331581582419,19.280947447710105,117.73404406126741,0.0,19.536938255711604,82.06823913682524,0.0,19.273630880488792,112.01198978645834,0.0,19.560785809892117,88.79108066914358,0.0,20.100731095999706,51.964723559089975,0.0,0.0,0.0,0.0,0.0,-0.724357409795153,-0.6743916601552815,-0.7252419663126523,-0.6705938877756223,-0.5276730984895267,0.0,0.0,0.0,0.0,0.0,0.0,0.0,0.0,0.0,0.0,0.0,0.0,0.0,0.0,0.0,7.22,7.22,0.0,0.0,52.479832823072925,0.0,7.22,0.0,19.755861398788184,0.005512575586327324,4.968934079835287,20.756614936477856,0.3705044250126874,0.005512575586327324,16.0,81.9982464478405,0.0,0.0,0.0,7.22,0.0,7.987500000000001,0.00621144618492455,0.004864012602373876,11.5,7.987500000000001,0.00621144618492455,0.004864012602373876,4.5,0.0013178188447261145,0.0011113348901602958,0.0012475859008705638,0.0012263393380220577,0.0013083672111455183 
 01/16  24:00:00,7.425,4.806661886304859,4.720615496731307,4.777911195862526,4.71555779299863,4.783210299796497,4.781790780398597,19.278015497163373,87.41786867120322,0.0,18.958686273053168,99.26449110700992,0.0,19.195747724318682,67.76493951184023,0.0,18.958236378173815,94.00785470036641,0.0,19.22119563651604,72.88842756026634,0.0,19.837492032075644,28.946710013112636,0.0,0.0,0.0,0.0,0.0,-0.7927482449498695,-0.7461865219354823,-0.7922080268981676,-0.7417888922170973,-0.5858242593521907,0.0,0.0,0.0,0.0,0.0,0.0,0.0,0.0,0.0,0.0,0.0,0.0,0.0,0.0,0.0,7.22,7.22,0.0,0.0,52.479832823072925,0.0,7.22,0.0,19.202068993626707,0.005458422458809831,4.819733166295756,20.202921787097686,0.3705044250126874,0.005458422458809831,16.0,81.9982464478405,0.0,0.0,0.0,7.22,0.0,7.425,0.00621144618492455,0.00507718203269691,11.5,7.425,0.00621144618492455,0.00507718203269691,4.5,0.0013178188447261145,0.0011113348901602958,0.0012475859008705638,0.0012263393380220577,0.0013083672111455183 
 07/01  01:00:00,17.075,15.39025472198013,15.39025472198013,15.39025472198013,15.39025472198013,15.39025472198013,15.39025472198013,21.09230924168806,0.0,0.0,20.890620812009377,15.840000000000002,0.0,20.93875627798144,6.840000000000001,0.0,20.91243426269103,15.840000000000002,0.0,20.951614366574137,6.840000000000001,0.0,21.41403580333018,29.640000000000004,0.0,0.0,0.0,0.0,0.0,-0.18420337887400734,-0.17243285741641945,-0.1799434963001608,-0.1697508130088535,-0.08579881088256756,0.0,0.0,0.0,0.0,0.0,0.0,0.0,0.0,0.0,0.0,0.0,0.0,0.0,0.0,0.0,7.22,7.22,0.0,0.0,82.0,0.0,7.22,0.0,21.14635054197329,0.011190308241091903,15.39025472198013,21.14635054197329,0.0,0.011190308241091903,13.0,82.0,0.0,0.0,0.0,7.22,0.0,17.075,0.0,0.010977161156531953,11.5,17.075,0.0,0.010977161156531953,4.5,0.0,0.0,0.0,0.0,0.0 
 07/01  02:00:00,16.8125,15.404030235123994,15.404030235123994,15.404030235123994,15.404030235123994,15.404030235123994,15.404030235123994,20.896886441260325,0.0,0.0,20.813969740660525,15.840000000000002,0.0,20.857380900650668,6.840000000000001,0.0,20.830347197331317,15.840000000000002,0.0,20.864684800536793,6.840000000000001,0.0,21.345967029614982,29.640000000000004,0.0,0.0,0.0,0.0,0.0,-0.19907498813215083,-0.18840830269919157,-0.19594736211462543,-0.18688102817587196,-0.09856237543801667,0.0,0.0,0.0,0.0,0.0,0.0,0.0,0.0,0.0,0.0,0.0,0.0,0.0,0.0,0.0,7.22,7.22,0.0,0.0,82.0,0.0,7.22,0.0,20.943062366819127,0.011190308241091901,15.404030235123994,20.943062366819127,0.0,0.011190308241091901,13.0,82.0,0.0,0.0,0.0,7.22,0.0,16.8125,0.0,0.010642527234446517,11.5,16.8125,0.0,0.010642527234446517,4.5,0.0,0.0,0.0,0.0,0.0 
 07/01  03:00:00,16.512499999999996,15.38829529256747,15.38829529256747,15.38829529256747,15.38829529256747,15.38829529256747,15.38829529256747,20.7244605156452,0.0,0.0,20.73860261723069,15.840000000000002,0.0,20.781680173281188,6.840000000000001,0.0,20.752959019567662,15.840000000000002,0.0,20.78584775325359,6.840000000000001,0.0,21.288058237662703,29.640000000000004,0.0,0.0,0.0,0.0,0.0,-0.21447823760348766,-0.20401698049417982,-0.21179070410610573,-0.2031440779534317,-0.11014754966423874,0.0,0.0,0.0,0.0,0.0,0.0,0.0,0.0,0.0,0.0,0.0,0.0,0.0,0.0,0.0,7.22,7.22,0.0,0.0,82.0,0.0,7.22,0.0,20.765993212462348,0.011190308241091901,15.38829529256747,20.765993212462348,0.0,0.011190308241091901,13.0,82.0,0.0,0.0,0.0,7.22,0.0,16.512499999999996,0.0,0.010448839412941847,11.5,16.512499999999996,0.0,0.010448839412941847,4.5,0.0,0.0,0.0,0.0,0.0 
 07/01  04:00:00,16.2125,15.382391710426102,15.382391710426102,15.382391710426102,15.382391710426102,15.382391710426102,15.382391710426102,20.568736306355333,0.0,0.0,20.66494371364872,15.840000000000002,0.0,20.70999765204417,6.840000000000001,0.0,20.678958197501995,15.840000000000002,0.0,20.71237177882363,6.840000000000001,0.0,21.23678241657839,29.640000000000004,0.0,0.0,0.0,0.0,0.0,-0.22928252101118915,-0.21855528762706633,-0.22668898591585906,-0.21805721971205919,-0.1201778618312841,0.0,0.0,0.0,0.0,0.0,0.0,0.0,0.0,0.0,0.0,0.0,0.0,0.0,0.0,0.0,7.22,7.22,0.0,0.0,82.0,0.0,7.22,0.0,20.605900869680234,0.011190308241091903,15.382391710426102,20.605900869680234,0.0,0.011190308241091903,13.0,82.0,0.0,0.0,0.0,7.22,0.0,16.2125,0.0,0.010475827587759903,11.5,16.2125,0.0,0.010475827587759903,4.5,0.0,0.0,0.0,0.0,0.0 
 07/01  05:00:00,16.1,15.39223028572611,15.39223028572611,15.39223028572611,15.39223028572611,15.39223028572611,15.39223028572611,20.43579544487723,0.0,0.0,20.622194202180417,15.840000000000002,0.0,20.684179259677084,6.840000000000001,0.0,20.66081436686264,15.840000000000002,0.0,20.679521351792307,6.840000000000001,0.0,21.192229602700106,29.640000000000004,0.0,0.0,0.0,0.0,0.0,-0.23708591164772813,-0.2229047490063764,-0.2292987389685105,-0.22388026080172366,-0.12842727851992633,0.0,0.0,0.0,0.0,0.0,0.0,0.0,0.0,0.0,0.0,0.0,0.0,0.0,0.0,0.0,7.22,7.22,0.0,0.0,82.0,0.0,7.22,0.0,20.466469107169807,0.011190308241091903,15.39223028572611,20.466469107169807,0.0,0.011190308241091903,13.0,82.0,0.0,0.0,0.0,7.22,0.0,16.1,0.0,0.010527136160152233,11.5,16.1,0.0,0.010527136160152233,4.5,0.0,0.0,0.0,0.0,0.0 
 07/01  06:00:00,16.1,15.38829529256747,15.38829529256747,15.38829529256747,15.38829529256747,15.38829529256747,15.38829529256747,20.343628676021048,0.0,0.0,20.6808054725075,15.840000000000002,0.0,20.828588618443362,6.840000000000001,0.0,20.821195533183026,15.840000000000002,0.0,20.800020624192094,6.840000000000001,0.0,21.166324127399996,29.640000000000004,0.0,0.0,0.0,0.0,0.0,-0.22486456954816134,-0.19192424471709568,-0.19494658963713282,-0.19840526191585173,-0.13317640741119077,0.0,0.0,0.0,0.0,0.0,0.0,0.0,0.0,0.0,0.0,0.0,0.0,0.0,0.0,0.0,7.22,7.22,0.0,0.0,82.0,0.0,7.22,0.0,20.359141825258664,0.011190308241091903,15.38829529256747,20.359141825258664,0.0,0.011190308241091903,13.0,82.0,0.0,0.0,0.0,7.22,0.0,16.1,0.0,0.010753050440984634,11.5,16.1,0.0,0.010753050440984634,4.5,0.0,0.0,0.0,0.0,0.0 
 07/01  07:00:00,16.1,15.39223028572611,15.39223028572611,15.39223028572611,15.39223028572611,15.39223028572611,15.39223028572611,20.371690594408186,0.0,0.0,20.90853202052069,15.840000000000002,0.0,21.35103396743214,6.840000000000001,0.0,21.346441218479452,15.840000000000002,0.0,21.180209694080325,6.840000000000001,0.0,21.190098100453806,29.640000000000004,0.0,0.0,0.0,0.0,0.0,-0.1772298168588445,-0.07959856914485638,-0.0823140598990926,-0.11720940272751496,-0.12757770772042562,0.0,0.0,0.0,0.0,0.0,0.0,0.0,0.0,0.0,0.0,0.0,0.0,0.0,0.0,0.0,7.22,7.22,0.0,0.0,82.0,0.0,7.22,0.0,20.350420504243512,0.011190308241091903,15.39223028572611,20.350420504243512,0.0,0.011190308241091903,13.0,82.0,0.0,0.0,0.0,7.22,0.0,16.1,0.0,0.010884181264309395,11.5,16.1,0.0,0.010884181264309395,4.5,0.0,0.0,0.0,0.0,0.0 
 07/01  08:00:00,16.474999999999998,15.39813168306067,15.39813168306067,15.39813168306067,15.39813168306067,15.39813168306067,15.39813168306067,20.551129969533367,0.0,0.0,21.237254974742655,15.840000000000002,0.0,21.999828278860875,6.840000000000001,0.0,21.929939713342865,15.840000000000002,0.0,21.696124858913567,6.840000000000001,0.0,21.284979958299402,29.640000000000004,0.0,0.0,0.0,0.0,0.0,-0.1090097775145003,0.05419247470213168,0.03688801273889937,-0.010158006974470172,-0.10831854288605215,0.0,0.0,0.0,0.0,0.0,0.0,0.0,0.0,0.0,0.0,0.0,0.0,0.0,0.0,0.0,7.22,7.22,0.0,0.0,82.0,0.0,7.22,0.0,20.49177192909852,0.011190308241091903,15.39813168306067,20.49177192909852,0.0,0.011190308241091903,13.0,82.0,0.0,0.0,0.0,7.22,0.0,16.474999999999998,0.0,0.011148557132964884,11.5,16.474999999999998,0.0,0.011148557132964884,4.5,0.0,0.0,0.0,0.0,0.0 
 07/01  09:00:00,17.0125,15.39813168306067,15.39813168306067,15.39813168306067,15.39813168306067,15.39813168306067,15.39813168306067,20.88853592468017,0.0,0.0,21.652461028843646,15.840000000000002,0.0,22.71109181871563,6.840000000000001,0.0,22.535602079486,15.840000000000002,0.0,22.30238549796942,6.840000000000001,0.0,21.43166267847484,29.640000000000004,0.0,0.0,0.0,0.0,0.0,-0.023727818155878995,0.20123466160845804,0.16114543587769797,0.11533488502880143,-0.07938467152503509,0.0,0.0,0.0,0.0,0.0,0.0,0.0,0.0,0.0,0.0,0.0,0.0,0.0,0.0,0.0,7.22,7.22,0.0,0.0,82.0,0.0,7.22,0.0,20.788934963466353,0.011190308241091903,15.39813168306067,20.788934963466353,0.0,0.011190308241091903,13.0,82.0,0.0,0.0,0.0,7.22,0.0,17.0125,0.0,0.01130492035738601,11.5,17.0125,0.0,0.01130492035738601,4.5,0.0,0.0,0.0,0.0,0.0 
 07/01  10:00:00,17.575,15.38829529256747,15.38829529256747,15.38829529256747,15.38829529256747,15.38829529256747,15.38829529256747,21.387364508603447,0.0,0.0,22.111016920174958,15.840000000000002,0.0,23.41509485503397,6.840000000000001,0.0,23.113999684038046,15.840000000000002,0.0,22.94312731894019,6.840000000000001,0.0,21.62107874066368,29.640000000000004,0.0,0.0,0.0,0.0,0.0,0.07000661608947054,0.34604218820213695,0.2791435843718024,0.2474506372879976,-0.042683447812178546,0.0,0.0,0.0,0.0,0.0,0.0,0.0,0.0,0.0,0.0,0.0,0.0,0.0,0.0,0.0,7.22,7.22,0.0,0.0,82.0,0.0,7.22,0.0,21.248312818731833,0.011190308241091901,15.38829529256747,21.248312818731833,0.0,0.011190308241091901,13.0,82.0,0.0,0.0,0.0,7.22,0.0,17.575,0.0,0.011336438264719646,11.5,17.575,0.0,0.011336438264719646,4.5,0.0,0.0,0.0,0.0,0.0 
 07/01  11:00:00,18.1125,15.382391710426102,15.382391710426102,15.382391710426102,15.382391710426102,15.382391710426102,15.382391710426102,22.03010095894831,0.0,0.0,22.59667083595912,15.840000000000002,0.0,24.094584559045586,6.840000000000001,0.0,23.6846752695326,15.840000000000002,0.0,23.60156319072631,6.840000000000001,0.0,21.84004165757696,29.640000000000004,0.0,0.0,0.0,0.0,0.0,0.1692313695512636,0.48543912219661833,0.39652572961494575,0.383137588669703,-0.0002363051166108165,0.0,0.0,0.0,0.0,0.0,0.0,0.0,0.0,0.0,0.0,0.0,0.0,0.0,0.0,0.0,7.22,7.22,0.0,0.0,82.0,0.0,7.22,0.0,21.8579339906698,0.011190308241091903,15.382391710426102,21.8579339906698,0.0,0.011190308241091903,13.0,82.0,0.0,0.0,0.0,7.22,0.0,18.1125,0.0,0.011587088282822929,11.5,18.1125,0.0,0.011587088282822929,4.5,0.0,0.0,0.0,0.0,0.0 
 07/01  12:00:00,18.3,15.382391710426102,15.382391710426102,15.382391710426102,15.382391710426102,15.382391710426102,15.382391710426102,22.747825754928687,0.0,0.0,22.984046345231587,15.840000000000002,0.0,24.533204165774986,6.840000000000001,0.0,24.131706817289313,15.840000000000002,0.0,24.11633240522177,6.840000000000001,0.0,22.07558193214505,29.640000000000004,0.0,0.0,0.0,0.0,0.0,0.24776397956033008,0.5734815889584579,0.4875092451445704,0.48819373179605763,0.045199524636980085,0.0,0.0,0.0,0.0,0.0,0.0,0.0,0.0,0.0,0.0,0.0,0.0,0.0,0.0,0.0,7.22,7.22,0.0,0.0,82.0,0.0,7.22,0.0,22.567752110471808,0.011190308241091903,15.382391710426102,22.567752110471808,0.0,0.011190308241091903,13.0,82.0,0.0,0.0,0.0,7.22,0.0,18.3,0.0,0.011726523668417858,11.5,18.3,0.0,0.011726523668417858,4.5,0.0,0.0,0.0,0.0,0.0 
 07/01  13:00:00,18.675,15.372546469518092,15.372546469518092,15.372546469518092,15.372546469518092,15.372546469518092,15.372546469518092,23.44558313318488,0.0,0.0,23.306276982161595,15.840000000000002,0.0,24.796191506196024,6.840000000000001,0.0,24.495831222555655,15.840000000000002,0.0,24.529513246662596,6.840000000000001,0.0,22.29761866644538,29.640000000000004,0.0,0.0,0.0,0.0,0.0,0.31390343788331554,0.6268575018124234,0.5623749086657144,0.5735787685125993,0.08762405084784279,0.0,0.0,0.0,0.0,0.0,0.0,0.0,0.0,0.0,0.0,0.0,0.0,0.0,0.0,0.0,7.22,7.22,0.0,0.0,82.0,0.0,7.22,0.0,23.27717726801635,0.011190308241091903,15.372546469518092,23.27717726801635,0.0,0.011190308241091903,13.0,82.0,0.0,0.0,0.0,7.22,0.0,18.675,0.0,0.011753948618775822,11.5,18.675,0.0,0.011753948618775822,4.5,0.0,0.0,0.0,0.0,0.0 
 07/01  14:00:00,18.212500000000002,15.356783526757443,15.356783526757443,15.356783526757443,15.356783526757443,15.356783526757443,15.356783526757443,24.07388716731147,0.0,0.0,23.470206820055452,15.840000000000002,0.0,24.864735037580854,6.840000000000001,0.0,24.645295929074585,15.840000000000002,0.0,24.798121238969497,6.840000000000001,0.0,22.491659309982666,29.640000000000004,0.0,0.0,0.0,0.0,0.0,0.34548720900872326,0.6392829999293796,0.5902163172904809,0.6280535567865138,0.12429655988048699,0.0,0.0,0.0,0.0,0.0,0.0,0.0,0.0,0.0,0.0,0.0,0.0,0.0,0.0,0.0,7.22,7.22,0.0,0.0,82.0,0.0,7.22,0.0,23.922686534445383,0.011190308241091903,15.356783526757443,23.922686534445383,0.0,0.011190308241091903,13.0,82.0,0.0,0.0,0.0,7.22,0.0,18.212500000000002,0.0,0.011780757983353716,11.5,18.212500000000002,0.0,0.011780757983353716,4.5,0.0,0.0,0.0,0.0,0.0 
 07/01  15:00:00,17.8,15.350869280718658,15.350869280718658,15.350869280718658,15.350869280718658,15.350869280718658,15.350869280718658,24.59395314955925,0.0,0.0,23.473760236959627,15.840000000000002,0.0,24.772192335406093,6.840000000000001,0.0,24.58155128701525,15.840000000000002,0.0,24.913606786644895,6.840000000000001,0.0,22.641920928070604,29.640000000000004,0.0,0.0,0.0,0.0,0.0,0.3453268096210189,0.6183336940766873,0.5748422040228971,0.6496827538645785,0.15252803440832266,0.0,0.0,0.0,0.0,0.0,0.0,0.0,0.0,0.0,0.0,0.0,0.0,0.0,0.0,0.0,7.22,7.22,0.0,0.0,82.0,0.0,7.22,0.0,24.485011206748258,0.011190308241091901,15.350869280718658,24.485011206748258,0.0,0.011190308241091901,13.0,82.0,0.0,0.0,0.0,7.22,0.0,17.8,0.0,0.01178019996160236,11.5,17.8,0.0,0.01178019996160236,4.5,0.0,0.0,0.0,0.0,0.0 
 07/01  16:00:00,16.737500000000004,15.350869280718658,15.350869280718658,15.350869280718658,15.350869280718658,15.350869280718658,15.350869280718658,24.8001860641477,0.0,0.0,23.11319220410673,15.840000000000002,0.0,24.196889600250767,6.840000000000001,0.0,23.997664989758338,15.840000000000002,0.0,24.369356835560623,6.840000000000001,0.0,22.704571467885977,29.640000000000004,0.0,0.0,0.0,0.0,0.0,0.2672074951266131,0.49368969050334144,0.4480076174710209,0.5288044624260158,0.1632194391251543,0.0,0.0,0.0,0.0,0.0,0.0,0.0,0.0,0.0,0.0,0.0,0.0,0.0,0.0,0.0,7.22,7.22,0.0,0.0,82.0,0.0,7.22,0.0,24.781267455856174,0.011190308241091903,15.350869280718658,24.781267455856174,0.0,0.011190308241091903,13.0,82.0,0.0,0.0,0.0,7.22,0.0,16.737500000000004,0.0,0.011542803116771125,11.5,16.737500000000004,0.0,0.011542803116771125,4.5,0.0,0.0,0.0,0.0,0.0 
 07/01  17:00:00,15.787500000000001,15.350869280718658,15.350869280718658,15.350869280718658,15.350869280718658,15.350869280718658,15.350869280718658,24.667901522275102,0.0,0.0,22.640907421665375,15.840000000000002,0.0,23.51862159350633,6.840000000000001,0.0,23.321616933461172,15.840000000000002,0.0,23.675334886111436,6.840000000000001,0.0,22.635765176131684,29.640000000000004,0.0,0.0,0.0,0.0,0.0,0.17375643248955505,0.35699951177436395,0.3132798883588427,0.38963431058271525,0.14888535558486027,0.0,0.0,0.0,0.0,0.0,0.0,0.0,0.0,0.0,0.0,0.0,0.0,0.0,0.0,0.0,7.22,7.22,0.0,0.0,82.0,0.0,7.22,0.0,24.73325458030599,0.011190308241091901,15.350869280718658,24.73325458030599,0.0,0.011190308241091901,13.0,82.0,0.0,0.0,0.0,7.22,0.0,15.787500000000001,0.0,0.011381515197530417,11.5,15.787500000000001,0.0,0.011381515197530417,4.5,0.0,0.0,0.0,0.0,0.0 
 07/01  18:00:00,15.912500000000001,15.350869280718658,15.350869280718658,15.350869280718658,15.350869280718658,15.350869280718658,15.350869280718658,24.26121416622031,0.0,0.0,22.288503932006925,15.840000000000002,0.0,22.993862243511277,6.840000000000001,0.0,22.828431551360524,15.840000000000002,0.0,23.204572485803848,6.840000000000001,0.0,22.496182673153733,29.640000000000004,0.0,0.0,0.0,0.0,0.0,0.10252266575149697,0.24967107032550698,0.21290525525838486,0.29452317653035565,0.12175864621446615,0.0,0.0,0.0,0.0,0.0,0.0,0.0,0.0,0.0,0.0,0.0,0.0,0.0,0.0,0.0,7.22,7.22,0.0,0.0,82.0,0.0,7.22,0.0,24.378034684080742,0.011190308241091903,15.350869280718658,24.378034684080742,0.0,0.011190308241091903,13.0,82.0,0.0,0.0,0.0,7.22,0.0,15.912500000000001,0.0,0.011608490968055461,11.5,15.912500000000001,0.0,0.011608490968055461,4.5,0.0,0.0,0.0,0.0,0.0 
 07/01  19:00:00,16.1,15.350869280718658,15.350869280718658,15.350869280718658,15.350869280718658,15.350869280718658,15.350869280718658,23.74774785066257,0.0,0.0,21.95641142402633,15.840000000000002,0.0,22.480637105678923,6.840000000000001,0.0,22.345043458805172,15.840000000000002,0.0,22.744087727333362,6.840000000000001,0.0,22.328001270998904,29.640000000000004,0.0,0.0,0.0,0.0,0.0,0.032847778968189204,0.14202939344048626,0.11123086065950429,0.19756043402136325,0.08919671276432019,0.0,0.0,0.0,0.0,0.0,0.0,0.0,0.0,0.0,0.0,0.0,0.0,0.0,0.0,0.0,7.22,7.22,0.0,0.0,82.0,0.0,7.22,0.0,23.880316346896034,0.011190308241091903,15.350869280718658,23.880316346896034,0.0,0.011190308241091903,13.0,82.0,0.0,0.0,0.0,7.22,0.0,16.1,0.0,0.01175061119473483,11.5,16.1,0.0,0.01175061119473483,4.5,0.0,0.0,0.0,0.0,0.0 
 07/01  20:00:00,16.1,15.350869280718658,15.350869280718658,15.350869280718658,15.350869280718658,15.350869280718658,15.350869280718658,23.193257462496423,0.0,0.0,21.602516163567586,15.840000000000002,0.0,21.950370803595057,6.840000000000001,0.0,21.835747380616446,15.840000000000002,0.0,22.19816093828753,6.840000000000001,0.0,22.138556580279566,29.640000000000004,0.0,0.0,0.0,0.0,0.0,-0.040331171019402735,0.03217344577335718,0.005918113788152883,0.08131544958005803,0.05240248981271712,0.0,0.0,0.0,0.0,0.0,0.0,0.0,0.0,0.0,0.0,0.0,0.0,0.0,0.0,0.0,7.22,7.22,0.0,0.0,82.0,0.0,7.22,0.0,23.335656309922555,0.011190308241091908,15.350869280718658,23.335656309922555,0.0,0.011190308241091908,13.0,82.0,0.0,0.0,0.0,7.22,0.0,16.1,0.0,0.01175061119473483,11.5,16.1,0.0,0.01175061119473483,4.5,0.0,0.0,0.0,0.0,0.0 
 07/01  21:00:00,16.1,15.360725561089252,15.360725561089252,15.360725561089252,15.360725561089252,15.360725561089252,15.360725561089252,22.619594189462017,0.0,0.0,21.316116021104335,15.840000000000002,0.0,21.5384094024897,6.840000000000001,0.0,21.447434479593277,15.840000000000002,0.0,21.669338179778652,6.840000000000001,0.0,21.938831400414188,29.640000000000004,0.0,0.0,0.0,0.0,0.0,-0.09794975674680154,-0.05093842655224089,-0.0718852009822462,-0.024875594930616585,0.014077566407637784,0.0,0.0,0.0,0.0,0.0,0.0,0.0,0.0,0.0,0.0,0.0,0.0,0.0,0.0,0.0,7.22,7.22,0.0,0.0,82.0,0.0,7.22,0.0,22.76186919914831,0.011190308241091917,15.360725561089252,22.76186919914831,0.0,0.011190308241091917,13.0,82.0,0.0,0.0,0.0,7.22,0.0,16.1,0.0,0.011743035621517963,11.5,16.1,0.0,0.011743035621517963,4.5,0.0,0.0,0.0,0.0,0.0 
 07/01  22:00:00,16.787499999999998,15.366637418045899,15.366637418045899,15.366637418045899,15.366637418045899,15.366637418045899,15.366637418045899,22.083823870609272,0.0,0.0,21.145050874532075,15.840000000000002,0.0,21.28601829627747,6.840000000000001,0.0,21.223056880246798,15.840000000000002,0.0,21.35808410681036,6.840000000000001,0.0,21.757440269499547,29.640000000000004,0.0,0.0,0.0,0.0,0.0,-0.13267173497641438,-0.10220421210441771,-0.11725270755586087,-0.08774586346611356,-0.020560557264179064,0.0,0.0,0.0,0.0,0.0,0.0,0.0,0.0,0.0,0.0,0.0,0.0,0.0,0.0,0.0,7.22,7.22,0.0,0.0,82.0,0.0,7.22,0.0,22.210652418821127,0.011190308241091915,15.366637418045899,22.210652418821127,0.0,0.011190308241091915,13.0,82.0,0.0,0.0,0.0,7.22,0.0,16.787499999999998,0.0,0.011488034454545257,11.5,16.787499999999998,0.0,0.011488034454545257,4.5,0.0,0.0,0.0,0.0,0.0 
 07/01  23:00:00,17.2,15.366637418045899,15.366637418045899,15.366637418045899,15.366637418045899,15.366637418045899,15.366637418045899,21.641409552865156,0.0,0.0,21.053384174623716,15.840000000000002,0.0,21.140619832219947,6.840000000000001,0.0,21.10180283420071,15.840000000000002,0.0,21.181608282189035,6.840000000000001,0.0,21.609553712423242,29.640000000000004,0.0,0.0,0.0,0.0,0.0,-0.1524271909134307,-0.13255775245512913,-0.1427360269446952,-0.12409744073783618,-0.048842484784603284,0.0,0.0,0.0,0.0,0.0,0.0,0.0,0.0,0.0,0.0,0.0,0.0,0.0,0.0,0.0,7.22,7.22,0.0,0.0,82.0,0.0,7.22,0.0,21.741650688250626,0.011190308241091915,15.366637418045899,21.741650688250626,0.0,0.011190308241091915,13.0,82.0,0.0,0.0,0.0,7.22,0.0,17.2,0.0,0.011322488855089867,11.5,17.2,0.0,0.011322488855089867,4.5,0.0,0.0,0.0,0.0,0.0 
 07/01  24:00:00,17.2,15.356783526757443,15.356783526757443,15.356783526757443,15.356783526757443,15.356783526757443,15.356783526757443,21.321515384951507,0.0,0.0,20.96721078242866,15.840000000000002,0.0,21.02826273457277,6.840000000000001,0.0,20.998613458039415,15.840000000000002,0.0,21.051074874608005,6.840000000000001,0.0,21.497801401722974,29.640000000000004,0.0,0.0,0.0,0.0,0.0,-0.16984345908026238,-0.15528896635737846,-0.16357249217203326,-0.15054962655158532,-0.07052473595929315,0.0,0.0,0.0,0.0,0.0,0.0,0.0,0.0,0.0,0.0,0.0,0.0,0.0,0.0,0.0,7.22,7.22,0.0,0.0,82.0,0.0,7.22,0.0,21.38891691815877,0.011190308241091915,15.356783526757443,21.38891691815877,0.0,0.011190308241091915,13.0,82.0,0.0,0.0,0.0,7.22,0.0,17.2,0.0,0.011329787388265813,11.5,17.2,0.0,0.011329787388265813,4.5,0.0,0.0,0.0,0.0,0.0 
 07/02  01:00:00,17.2,15.360725561089252,15.360725561089252,15.360725561089252,15.360725561089252,15.360725561089252,15.360725561089252,21.07993608006773,0.0,0.0,20.695178611848455,15.840000000000002,0.0,20.75689159846771,6.840000000000001,0.0,20.715098824299055,15.840000000000002,0.0,20.769831881467752,6.840000000000001,0.0,21.183862912535,29.640000000000004,0.0,0.0,0.0,0.0,0.0,-0.21130911153439438,-0.19806729885430488,-0.20737705315171723,-0.19540999857771485,-0.11797825212908472,0.0,0.0,0.0,0.0,0.0,0.0,0.0,0.0,0.0,0.0,0.0,0.0,0.0,0.0,0.0,7.22,7.22,0.0,0.0,82.0,0.0,7.22,0.0,21.1400036539368,0.011190308241091915,15.360725561089252,21.1400036539368,0.0,0.011190308241091915,13.0,82.0,0.0,0.0,0.0,7.22,0.0,17.2,0.0,0.011326867222248072,11.5,17.2,0.0,0.011326867222248072,4.5,0.0,0.0,0.0,0.0,0.0 
 07/02  02:00:00,17.2,15.366637418045899,15.366637418045899,15.366637418045899,15.366637418045899,15.366637418045899,15.366637418045899,20.854509954386103,0.0,0.0,20.55179205258519,15.840000000000002,0.0,20.598086756040583,6.840000000000001,0.0,20.56218470491211,15.840000000000002,0.0,20.605010801616206,6.840000000000001,0.0,20.979510833808533,29.640000000000004,0.0,0.0,0.0,0.0,0.0,-0.24017178487561822,-0.22988424456191037,-0.23804750193115978,-0.22842868112471343,-0.155129030455704,0.0,0.0,0.0,0.0,0.0,0.0,0.0,0.0,0.0,0.0,0.0,0.0,0.0,0.0,0.0,7.22,7.22,0.0,0.0,82.0,0.0,7.22,0.0,20.90767416050922,0.011190308241091915,15.366637418045899,20.90767416050922,0.0,0.011190308241091915,13.0,82.0,0.0,0.0,0.0,7.22,0.0,17.2,0.0,0.011562777440699234,11.5,17.2,0.0,0.011562777440699234,4.5,0.0,0.0,0.0,0.0,0.0 
 07/02  03:00:00,17.2,15.366637418045899,15.366637418045899,15.366637418045899,15.366637418045899,15.366637418045899,15.366637418045899,20.661465735027107,0.0,0.0,20.479126780883607,15.840000000000002,0.0,20.51679922356863,6.840000000000001,0.0,20.48507421492672,15.840000000000002,0.0,20.520695481418233,6.840000000000001,0.0,20.869769331243987,29.640000000000004,0.0,0.0,0.0,0.0,0.0,-0.25618266691262864,-0.2478027528477164,-0.2549913069935793,-0.24698285190125646,-0.1763430916192458,0.0,0.0,0.0,0.0,0.0,0.0,0.0,0.0,0.0,0.0,0.0,0.0,0.0,0.0,0.0,7.22,7.22,0.0,0.0,82.0,0.0,7.22,0.0,20.706918777121217,0.011190308241091915,15.366637418045899,20.706918777121217,0.0,0.011190308241091915,13.0,82.0,0.0,0.0,0.0,7.22,0.0,17.2,0.0,0.011466647419150404,11.5,17.2,0.0,0.011466647419150404,4.5,0.0,0.0,0.0,0.0,0.0 
 07/02  04:00:00,17.2,15.366637418045899,15.366637418045899,15.366637418045899,15.366637418045899,15.366637418045899,15.366637418045899,20.497699124032295,0.0,0.0,20.428759169694057,15.840000000000002,0.0,20.460957919808013,6.840000000000001,0.0,20.43234117469223,15.840000000000002,0.0,20.4631900370542,6.840000000000001,0.0,20.79446419490916,29.640000000000004,0.0,0.0,0.0,0.0,0.0,-0.2674287905152219,-0.26018241265754094,-0.2667245590027959,-0.2597126535344673,-0.1909737518009757,0.0,0.0,0.0,0.0,0.0,0.0,0.0,0.0,0.0,0.0,0.0,0.0,0.0,0.0,0.0,7.22,7.22,0.0,0.0,82.0,0.0,7.22,0.0,20.536074517468876,0.011190308241091917,15.366637418045899,20.536074517468876,0.0,0.011190308241091917,13.0,82.0,0.0,0.0,0.0,7.22,0.0,17.2,0.0,0.011322488855089867,11.5,17.2,0.0,0.011322488855089867,4.5,0.0,0.0,0.0,0.0,0.0 
 07/02  05:00:00,17.2,15.376485042613144,15.376485042613144,15.376485042613144,15.376485042613144,15.376485042613144,15.376485042613144,20.371807687145058,0.0,0.0,20.41091129126471,15.840000000000002,0.0,20.48177034203333,6.840000000000001,0.0,20.47459523744965,15.840000000000002,0.0,20.455395178536136,6.840000000000001,0.0,20.740783694939452,29.640000000000004,0.0,0.0,0.0,0.0,0.0,-0.2701981353479629,-0.25288178435601627,-0.2530710001927597,-0.25983569495075237,-0.20101858924117466,0.0,0.0,0.0,0.0,0.0,0.0,0.0,0.0,0.0,0.0,0.0,0.0,0.0,0.0,0.0,7.22,7.22,0.0,0.0,82.0,0.0,7.22,0.0,20.396306028117696,0.011190308241091915,15.376485042613144,20.396306028117696,0.0,0.011190308241091915,13.0,82.0,0.0,0.0,0.0,7.22,0.0,17.2,0.0,0.011315201595684141,11.5,17.2,0.0,0.011315201595684141,4.5,0.0,0.0,0.0,0.0,0.0 
 07/02  06:00:00,17.575,15.382391710426102,15.382391710426102,15.382391710426102,15.382391710426102,15.382391710426102,15.382391710426102,20.330892247606936,0.0,0.0,20.50764628365838,15.840000000000002,0.0,20.745233999624546,6.840000000000001,0.0,20.775376619322586,15.840000000000002,0.0,20.618671655737458,6.840000000000001,0.0,20.728638652145186,29.640000000000004,0.0,0.0,0.0,0.0,0.0,-0.2463383408283275,-0.1916457923721933,-0.18427360033391854,-0.22010129239842316,-0.20267366178704677,0.0,0.0,0.0,0.0,0.0,0.0,0.0,0.0,0.0,0.0,0.0,0.0,0.0,0.0,0.0,7.22,7.22,0.0,0.0,82.0,0.0,7.22,0.0,20.33235414555827,0.011190308241091915,15.382391710426102,20.33235414555827,0.0,0.011190308241091915,13.0,82.0,0.0,0.0,0.0,7.22,0.0,17.575,0.0,0.011340810531617299,11.5,17.575,0.0,0.011340810531617299,4.5,0.0,0.0,0.0,0.0,0.0 
 07/02  07:00:00,17.8,14.891016723442682,14.355019589979271,13.730392789310418,14.398543673226126,13.628856983086013,14.780477646973077,20.742114505562423,585.1874724077385,0.0,22.165094541629337,1056.883466701327,0.0,22.18363940636959,258.1522654684111,0.0,22.181559001026915,531.9455972859662,0.0,22.174876345863485,350.125672005619,0.0,22.118056884752956,1463.6862845995431,0.0,0.0,5778.886298644291,4688.315734324924,0.0,-0.032907922497628805,-0.002178009121447108,0.01313389677791876,-0.025981983869847687,-0.029569245852442277,1785.263022207212,877.5065727142479,1224.0604079492643,1032.975074470056,2177.807922035555,0.0,0.0,4153.796011413453,2007.4926871411924,438.5247217582347,370.957500729653,5778.886298644291,7223.607873305364,1270.2251652717916,4688.315734324924,8.206084951870714,7.219999999999999,1.1336939770964032,5958.5408995967155,58.47409030746613,0.07571411361305948,8.206084951870714,1.1336939770964034,12.985301772904613,0.008994153495104395,12.08684500699586,12.999752216525003,0.3705044250126874,0.008921879652893658,13.0,82.0,0.0,0.0,0.02078329227736076,7.219999999999999,0.3998835955682316,11.499573100538392,0.31057230924622753,0.008609743500446496,11.5,17.8,0.31057230924622753,0.011349605426667509,4.5,0.06589094223630573,0.055566744508014784,0.06237929504352819,0.06131696690110289,0.06541836055727591 
 07/02  08:00:00,18.1125,13.375001095065045,12.867436197441897,12.176711903660161,12.93658833323503,12.110223171781275,13.675308639828312,21.20808998832479,451.76980503681443,0.0,22.201196838051974,380.51356061858866,0.0,22.200398051346205,8.544860855850459,51.51874229495587,22.20081794925592,30.75929573912117,54.07685657072892,22.20164453516573,50.79735806822288,3.9714736362043936,22.20174739116355,843.4843451153617,0.0,0.0,4485.961484625893,4671.1706733549945,0.0,-0.009159986274631705,0.04065622275896889,0.047839108722642,0.010715882925703872,-0.014131429578539672,1118.43313076573,579.8004332922586,675.8304692363567,734.0870887537246,1574.6899420760378,0.0,0.0,4046.295031099674,2105.8314677648223,397.2336011686632,397.2336011686632,4485.961484625893,5607.451855782367,1267.7059645400448,4671.1706733549945,8.27630816912087,7.22,1.0555470137834313,5938.8766378950395,48.978088436817124,0.032600780394816106,8.27630816912087,1.0555470137834313,13.05641156637758,0.008822698081260114,11.804777510540607,13.00129037293553,0.3705044250126874,0.008822698081260114,13.0,82.0,0.0,0.0,0.01921279485019353,7.219999999999999,0.38812462886852556,11.500003280553985,0.31057230924622753,0.008588278761437336,11.5,18.1125,0.31057230924622753,0.011065375307433825,4.5,0.06589094223630573,0.055566744508014784,0.06237929504352819,0.06131696690110289,0.06541836055727591 
 07/02  09:00:00,18.9875,13.000409513128405,13.483942385581592,12.865105234693804,13.600106538002287,12.775190285557809,14.360110298078453,22.375694403263186,1454.5791800386698,0.0,22.745085544596826,0.0,783.6435355088449,22.603173006738686,0.0,650.7853424364828,23.367463252538595,0.0,789.3664304960686,22.27214046421604,0.0,654.2072980624266,23.012243276787327,0.0,800.1823781764072,0.0,33.846172450342735,4932.142495330156,0.0,0.16256344456278488,0.21640463066259444,0.3141883328898084,0.13924291182580725,0.1751900392606608,0.0,0.0,0.0,39.07857800281211,0.0,0.0,0.0,4236.945756911646,2383.7150567571407,461.2205988418318,461.2205988418319,33.846172450342735,42.307715562928415,1321.6393340999816,4932.142495330156,8.354992016423816,7.22,1.0367459492677733,6253.781829430138,47.25241404092446,0.00023319169376155309,8.354992016423816,1.0367459492677733,13.224440963308078,0.008707791587538413,11.618968081738704,13.000164868382733,0.3705044250126874,0.008707791587538413,13.0,82.0,0.0,0.0,0.022615248320759722,7.22,0.4058547641058881,11.500552867204584,0.31057230924622753,0.008558614973178945,11.5,18.9875,0.31057230924622753,0.0109243535495395,4.5,0.06589094223630573,0.055566744508014784,0.06237929504352819,0.06131696690110289,0.06541836055727591 
 07/02  10:00:00,19.775,14.296382700121411,14.621163275638628,13.721612844150254,14.29808721025847,13.550634033043897,15.518440586388634,23.619225578553902,1448.7457742849467,0.0,23.814377652927437,0.0,1106.5663883541968,23.749807498664595,0.0,790.6322126305547,23.898085818460636,0.0,1619.1756439230817,23.27086387268281,0.0,770.17212227288,23.875764549411077,0.0,1604.1316313711877,0.0,0.0,7374.740525898174,0.0,0.4085227285296179,0.47293577226728056,0.4920454076042743,0.36261768243414233,0.38098453080355554,0.0,0.0,0.0,0.0,0.0,0.0,0.0,4357.004991348118,2634.099662512934,2859.3174474432903,2327.441296258049,0.0,0.0,1809.4130561410177,7374.740525898174,8.74825134058366,7.22,1.1484806409807302,9184.153582039191,47.24025576847723,0.0,8.74825134058366,1.1484806409807302,16.405245223737555,0.009259747975657229,12.540786290693067,12.978531215558045,0.5325182534488934,0.008885472496128111,13.0,82.0,0.0,0.0,0.12559716716023125,7.220000000000001,0.4165792092513765,11.498666349254215,0.31057230924622753,0.008530120231237897,11.5,19.775,0.31057230924622753,0.010729495210792458,4.5,0.05783754873597039,0.04199446643964521,0.0848724997757816,0.043184260690971206,0.08268353360385913 
 07/02  11:00:00,20.6875,14.52166635020077,14.53614950185682,13.668123104576523,13.967417836071874,13.827552246751752,15.244657558249376,24.574155193753455,1025.9492981313483,0.0,23.898041525327546,0.0,1511.451104427878,23.898120925664504,0.0,1014.952152818562,23.898106978446854,0.0,1875.3068786632766,23.823169960278356,0.0,828.9076655846353,23.897796329032385,0.0,2133.4035968390835,0.0,0.0,10207.156746913095,0.0,0.47851814256890757,0.5660855706885862,0.5239611859149635,0.4964866061885175,0.4191306445833453,0.0,0.0,0.0,0.0,0.0,0.0,0.0,4690.654957314419,2923.9908491701212,5286.051969581107,4045.456518421014,0.0,0.0,2402.7183267245896,10207.156746913095,9.167309417573145,7.22,1.2492420010517864,12609.875073637684,47.24025576847723,0.0,9.167309417573145,1.2492420010517864,18.31338273639794,0.009610696585409292,13.10334266287511,12.986072725090496,0.6592601832736604,0.00886603771286697,13.0,82.0,0.0,0.0,0.23399922977317567,7.22,0.4487382667183596,11.501072416840742,0.31057230924622753,0.008514430045771418,11.5,20.6875,0.31057230924622753,0.010769661319921244,4.5,0.06363505104999571,0.04278171951173338,0.07910360564321006,0.035214103590907944,0.08983782945038042 
 07/02  12:00:00,22.1625,14.1314697239463,13.944040059513114,13.23825270242965,13.600233705710957,13.585512264155602,14.760750086695847,25.275699544798826,468.5171889896519,0.0,23.898246125568583,0.0,1661.110297767168,23.89841046435094,0.0,1074.8962742422218,23.898369434219944,0.0,1886.981169602083,23.898394329824626,0.0,860.8476179469583,23.898021966514747,0.0,2063.3678346394067,0.0,0.0,11271.718678210555,0.0,0.5040500439529699,0.5903241195105478,0.534362881818706,0.5297901528604351,0.42497178601087204,0.0,0.0,0.0,0.0,0.0,0.0,0.0,5324.670462984777,3394.555176226738,5648.554167734748,4515.710556166213,0.0,0.0,2652.549974026424,11271.718678210555,9.230196090448214,7.22,1.3371981932612451,13924.268652236977,47.24025576847723,0.0,9.230196090448214,1.3371981932612451,18.87299265256071,0.009505133052962609,12.936994459115873,12.999715025367658,0.6762913342005078,0.008841107512085897,13.0,82.0,0.0,0.0,0.2505324128982271,7.219999999999999,0.5112341010019137,11.50127518233516,0.31057230924622753,0.008492766456275318,11.5,22.1625,0.31057230924622753,0.010956650615808236,4.5,0.0683275404725785,0.04428538647912499,0.07768781163816994,0.03543778217684138,0.08483378847951274 
 07/02  13:00:00,23.487499999999997,13.586711622269599,13.222643937039049,12.796556334956447,13.040623551830988,12.989698449395362,14.150307212276015,25.87179764668071,38.218001169977015,49.062448569054595,23.89886373195541,0.0,1563.9908086486698,23.899041928790407,0.0,905.2334915883556,23.898917992360946,0.0,1721.0702577010793,23.863125771886942,0.0,813.2764203978434,23.898716753546505,0.0,1658.3463325570128,0.0,0.0,10423.187491422403,0.0,0.5053941888328836,0.5572632409579636,0.5296448156870202,0.5252814007329023,0.410161408721059,0.0,0.0,0.0,0.0,0.0,0.0,0.0,5798.163859278338,3817.0106339349495,4262.582897342961,3692.7211602094617,0.0,0.0,2489.1721474574865,10423.187491422403,8.998585005340786,7.219999999999999,1.397983419855131,12912.359638879887,47.24025576847723,0.0,8.998585005340786,1.397983419855131,18.354471646968825,0.009217171087849165,12.474683735762042,13.011079056806631,0.5982935829042941,0.008839692955209718,13.0,82.0,0.0,0.0,0.1860099471926408,7.219999999999999,0.5575014790793833,11.500341792426205,0.31057230924622753,0.008468921447949649,11.5,23.487499999999997,0.31057230924622753,0.010997959704616846,4.5,0.07288607560637245,0.04221590475692,0.08022906132035108,0.038038450977028425,0.07720281658555558 
 07/02  14:00:00,23.9,13.214156950653587,13.131081597192916,12.932850157142974,13.039468119744189,12.926702033311745,13.979310451418065,26.359530666543954,0.0,480.67017113499423,23.898832020942443,0.0,1905.261147282377,23.898950961684193,0.0,979.0216192741716,23.8988683292839,0.0,2005.2244590733271,23.8986206531292,0.0,1052.3953892625584,23.898525904303543,0.0,2170.297927733207,0.0,0.0,12757.789223941389,0.0,0.5233579610729479,0.5540352567184277,0.5414680697963224,0.5774860394792816,0.42288559100306966,0.0,0.0,0.0,0.0,0.0,0.0,0.0,6115.017177540696,3950.0734945379772,6402.249863990929,5646.016701069655,0.0,0.0,3014.1023375942,12757.789223941389,9.379616994580687,7.22,1.4093062434625814,15771.891561535587,47.24025576847723,0.0,9.379616994580687,1.4093062434625814,19.9511714453809,0.009165423528599982,12.390453551761448,12.983795997528558,0.7265799997515487,0.008752929017152519,13.0,82.0,0.0,0.0,0.2887296774713172,7.22,0.5904219689240586,11.500262691356385,0.31057230924622753,0.008469935294994489,11.5,23.9,0.31057230924622753,0.01123359115336205,4.5,0.07295646188932214,0.03750862806448889,0.07680220197568532,0.040282077701235174,0.083022939615496 
 07/02  15:00:00,23.9,13.452385126454324,13.385548341594014,13.235189726786409,13.30896319950358,12.993268763543561,14.240169143247078,26.78040581752566,0.0,830.6276182599186,23.898466994442963,0.0,2028.819334161672,23.898516447331534,0.0,1014.8543670996032,23.898458733500675,0.0,2131.665567813211,23.89837254238971,0.0,1273.0061896405464,23.898186228646967,0.0,2363.951922302841,0.0,0.0,14165.280859418346,0.0,0.5434245376757276,0.5676990750408017,0.5628829172782848,0.6470071783002129,0.4467546207116837,0.0,0.0,0.0,0.0,0.0,0.0,0.0,6041.676537884795,3949.461299406029,7835.3285876016325,6742.53350060523,0.0,0.0,3334.9924897625606,14165.280859418346,9.595721031921878,7.219999999999999,1.4224616709839266,17500.27334918091,47.24025576847723,0.0,9.595721031921878,1.4224616709839268,20.726088484632946,0.009274255501278047,12.567467909516727,12.997076155197437,0.790048646428217,0.008726648595905724,13.0,82.0,0.0,0.0,0.3610608067502574,7.22,0.5824283415352033,11.500015908616561,0.31057230924622753,0.008466280674055122,11.5,23.9,0.31057230924622753,0.011137095622804086,4.5,0.07151756848968005,0.03578371701327884,0.07515183381429075,0.04487408497385902,0.08324510495511887 
 07/02  16:00:00,23.2125,13.604521996929957,13.52220680804921,13.399094565033622,13.463886338304118,12.895591944213876,14.432733510825894,27.03539561151724,0.0,972.1977586734129,23.898382204317333,0.0,1941.9998773652637,23.898453058318218,0.0,938.9965067523635,23.898403111811184,0.0,1984.9447436500354,23.898322382213433,0.0,1445.6897026618676,23.898089270829622,0.0,2275.162674795898,0.0,0.0,13982.716499451386,0.0,0.5461358825228823,0.5582331335786792,0.5559097738629944,0.7132827398382071,0.4582497067418303,0.0,0.0,0.0,0.0,0.0,0.0,0.0,5883.038400707648,3731.4510565398264,7760.599045866164,6589.190608777012,0.0,0.0,3276.7085005903837,13982.716499451386,9.524172655781365,7.22,1.4477514133872458,17259.425000041767,47.24025576847723,0.0,9.524172655781365,1.4477514133872458,20.749786942062244,0.009339350543010197,12.672537909084117,13.00113459267358,0.7699860204951201,0.008736649210972771,13.0,82.0,0.0,0.0,0.35640447655616014,7.22,0.5679599655935521,11.498876187558892,0.31057230924622753,0.008481668173973484,11.5,23.2125,0.31057230924622753,0.011228276787522223,4.5,0.07025055542110109,0.03397446162374501,0.07181291730628228,0.05232120828203504,0.08221316661306412 
 07/02  17:00:00,22.8,13.69181851000832,13.710978836930362,13.64552732744218,13.707908889573329,12.77085706411921,14.685938639031523,27.170984788619066,0.0,864.0581204357986,23.898472709351843,0.0,1721.6026056869507,23.89853515911106,0.0,805.7110135833778,23.89849224290774,0.0,1706.8343740891899,23.898618456909773,0.0,1642.8761386513486,23.89821177645004,0.0,1991.2701168761332,0.0,0.0,12909.144836052938,0.0,0.5402903817380021,0.5427837567096256,0.5419036303009965,0.7758875047319977,0.4644016375376383,0.0,0.0,0.0,0.0,0.0,0.0,0.0,5842.499283844123,3600.542982914179,6692.987401171664,5703.1405741063,0.0,0.0,3024.9757119575056,12909.144836052938,9.315185700256283,7.22,1.46990153262565,15934.120548010442,47.24025576847723,0.0,9.315185700256283,1.46990153262565,20.269916298893385,0.009321841266435295,12.644375994328957,13.006267437484324,0.7057536438718831,0.008766199112194624,13.0,82.0,0.0,0.0,0.3012372344426355,7.219999999999999,0.564965761610198,11.500001481974,0.31057230924622753,0.008494778282513575,11.5,22.8,0.31057230924622753,0.011356745042179046,4.5,0.06794752230261447,0.0318014907072631,0.067366281745071,0.06493006663397079,0.07852694785730821 
 07/02  18:00:00,22.1125,13.92347187132101,14.014622474311523,13.909576082963747,14.02226905646263,12.86091542956748,14.915445723650091,27.163851846352177,0.0,650.726701050774,23.89852825264644,0.0,1476.7875427791766,23.796604903305536,0.0,732.2037799695734,23.898516491704974,0.0,1474.6169215541013,23.898766212354495,0.0,1512.4985240759088,23.898101738631325,0.0,1957.2908656307236,0.0,0.0,11844.133714256943,0.0,0.5105237768244782,0.5017222537102525,0.5135725375348253,0.7380751662550058,0.4670831757273574,0.0,0.0,0.0,0.0,0.0,0.0,0.0,5826.156293618472,3383.1937587625966,5641.8979731729105,4770.348735145423,0.0,0.0,2776.3921332929876,11844.133714256943,9.105861654789273,7.219999999999999,1.4984508814779816,14620.525847549934,47.24025576847723,0.0,9.105861654789273,1.4984508814779816,19.599348905311473,0.0093359163034853,12.667031683896735,13.0091556362435,0.6422323359644566,0.008798326208545511,13.0,82.0,0.0,0.0,0.24978329175547115,7.22,0.5656465850788914,11.499961675786775,0.31057230924622753,0.00851865907052448,11.5,22.1125,0.31057230924622753,0.01163722023753375,4.5,0.06401571435498872,0.032091473629421385,0.06392406096288106,0.06568261187053268,0.08485844842840369 
 07/02  19:00:00,21.0125,13.970733224511852,14.116716737778031,13.421582057563523,14.164044918708267,12.776545587683175,15.098976453443166,26.919188772328393,0.0,421.6260912787145,23.587635444037502,0.0,851.2361586468951,22.706760459667954,0.0,657.6097990243258,23.64327289178379,0.0,810.1447417685246,23.89934503439261,0.0,1078.6566506677789,23.87154702276216,0.0,893.3792958683403,0.0,0.0,6409.522154245364,0.0,0.4099854000238059,0.2860309160946928,0.419272863137364,0.6695889373466525,0.42903502936837085,0.0,0.0,0.0,0.0,0.0,0.0,0.0,4818.682071022892,3027.8466125175773,1130.8773936912294,1130.8773936912294,0.0,0.0,1625.028846299578,6409.522154245364,8.29531173817629,7.22,1.4175396519104315,8034.551000544941,47.24025576847723,0.0,8.29531173817629,1.417539651910432,14.851901517452069,0.008866604114413543,11.903725393784587,13.012176535864143,0.3963768474551215,0.008866604114413543,13.0,82.0,0.0,0.0,0.05079562516957025,7.22,0.46159989188614037,11.500320732968598,0.31057230924622753,0.008503059016316022,11.5,21.0125,0.31057230924622753,0.010789147434600061,4.5,0.06165344299425965,0.051993202686572426,0.058367632643583425,0.0757530412087466,0.06286551869271188 
 07/02  20:00:00,19.1625,13.539753270561544,13.180672927459756,12.275461630235226,13.26815291049219,12.09612034077281,14.442160735442634,25.82053040389064,0.0,874.7051077215358,22.417994530970194,0.0,630.6230413883052,22.202377778224296,0.0,276.984406352444,22.447958893971176,0.0,607.2997845019122,22.771685358947796,0.0,699.4549414633102,22.87538844976469,0.0,789.5669203425086,0.0,508.712815436034,4062.1885800955215,0.0,0.15129548747392607,0.09232069793404028,0.15739019455954284,0.3144102475763038,0.23495645181401612,126.4747707241027,346.1089757543114,111.80339756417715,30.77157244247983,0.0,0.0,0.0,3033.3240066215085,2432.3629628527733,700.4443355923868,700.4443355923868,508.712815436034,635.8910192950425,1156.6868924829914,4062.1885800955215,7.999815234490232,7.22,1.2368171667100476,5218.875472578513,46.37178147703677,0.0033733667018842825,7.999815234490232,1.2368171667100478,13.856930756519702,0.008719469391381369,11.659881019592317,13.00030199907588,0.3705044250126874,0.008719469391381369,13.0,82.0,0.0,0.0,0.033388630126528235,7.219999999999999,0.28425148279154067,11.4998876112437,0.31057230924622753,0.008476980209556636,11.5,19.1625,0.31057230924622753,0.009244136206037796,4.5,0.06589094223630573,0.055566744508014784,0.06237929504352819,0.06131696690110289,0.06541836055727591 
 07/02  21:00:00,17.3,13.04561881488668,12.598318838761,11.866253474248632,12.682244436753713,11.781562710739646,13.862740827313665,25.350758069591926,0.0,0.0,22.197842162716178,47.52,0.0,22.201656808436283,20.520000000000003,0.0,22.18156404509392,47.52,0.0,22.839887555954537,20.520000000000003,0.0,22.57753542411966,88.92000000000002,0.0,0.0,0.0,0.0,0.0,0.03468573638963907,0.020228601204816118,0.03347852166623858,0.16364289871004084,0.12931297559043192,0.0,0.0,0.0,0.0,0.0,0.0,0.0,0.0,0.0,0.0,0.0,0.0,0.0,0.0,0.0,7.892522378902781,7.892522378902781,0.0,0.0,44.77132701412967,0.0,7.892522378902781,0.0,25.422834822210284,0.009562361101032259,13.052460422125847,25.422834822210284,0.0,0.009562361101032259,13.0,82.0,0.0,0.0,0.0,7.22,0.0,17.3,0.0,0.008937900192337457,11.5,17.3,0.0,0.008937900192337457,4.5,0.0,0.0,0.0,0.0,0.0 
 07/02  22:00:00,16.325,13.075901993067095,12.62770174228762,11.889962948221466,12.711844289001473,11.80323122506464,13.893248989125958,24.547056571884653,0.0,0.0,21.677532790240132,27.720000000000002,0.0,21.728194864892693,11.970000000000002,0.0,21.652894830111656,27.720000000000002,0.0,22.24529075006322,11.970000000000002,0.0,22.234165821166798,51.87000000000001,0.0,0.0,0.0,0.0,0.0,-0.0734990975831387,-0.07883047838815851,-0.07639783774028787,0.026179672819592513,0.05373674763522142,0.0,0.0,0.0,0.0,0.0,0.0,0.0,0.0,0.0,0.0,0.0,0.0,0.0,0.0,0.0,7.892522378902781,7.892522378902781,0.0,0.0,44.77132701412967,0.0,7.892522378902781,0.0,24.781782568681823,0.009566954885842052,13.075114249391968,24.781782568681823,0.0,0.009566954885842052,13.0,82.0,0.0,0.0,0.0,7.22,0.0,16.325,0.0,0.009286884661794951,11.5,16.325,0.0,0.009286884661794951,4.5,0.0,0.0,0.0,0.0,0.0 
 07/02  23:00:00,15.4125,13.081328943287609,12.633127982763874,11.895485062481523,12.717269561732653,11.80879635189773,13.89871016990085,23.649207595728473,0.0,0.0,21.159102945633173,15.840000000000002,0.0,21.238584793081603,6.840000000000001,0.0,21.13259276437866,15.840000000000002,0.0,21.55606855727223,6.840000000000001,0.0,21.803355449750192,29.640000000000004,0.0,0.0,0.0,0.0,0.0,-0.1760738256299649,-0.17673683682222693,-0.17939787546092617,-0.11364833008946676,-0.027681848927573166,0.0,0.0,0.0,0.0,0.0,0.0,0.0,0.0,0.0,0.0,0.0,0.0,0.0,0.0,0.0,7.892522378902781,7.892522378902781,0.0,0.0,44.77132701412967,0.0,7.892522378902781,0.0,23.866782095824856,0.00956725736288364,13.081361981830785,23.866782095824856,0.0,0.00956725736288364,13.0,82.0,0.0,0.0,0.0,7.22,0.0,15.4125,0.0,0.00921609395430357,11.5,15.4125,0.0,0.00921609395430357,4.5,0.0,0.0,0.0,0.0,0.0 
 07/02  24:00:00,14.624999999999998,13.09094861600722,12.642713308487131,11.905012379231872,12.726861385661902,11.818316334038165,13.908392083342102,22.834659400876696,0.0,0.0,20.773436228053978,15.840000000000002,0.0,20.85296341293748,6.840000000000001,0.0,20.75541832117186,15.840000000000002,0.0,21.035579050419656,6.840000000000001,0.0,21.50404811452082,29.640000000000004,0.0,0.0,0.0,0.0,0.0,-0.2550176797594109,-0.255367103306732,-0.25737803858552155,-0.219643553679026,-0.08735843179263399,0.0,0.0,0.0,0.0,0.0,0.0,0.0,0.0,0.0,0.0,0.0,0.0,0.0,0.0,0.0,7.892522378902781,7.892522378902781,0.0,0.0,44.77132701412967,0.0,7.892522378902781,0.0,23.02996524671247,0.009567239334691436,13.090947278550152,23.02996524671247,0.0,0.009567239334691436,13.0,82.0,0.0,0.0,0.0,7.22,0.0,14.624999999999998,0.0,0.00906946623739744,11.5,14.624999999999998,0.0,0.00906946623739744,4.5,0.0,0.0,0.0,0.0,0.0 
